group,mode,method,seed,step,elapsed_seconds,validation_bpb,target_bpb
small,importance,Importance 25%,11,100,2.8184472499997355,3.738509150720719,3.2
small,importance,Importance 25%,11,200,5.018329000002268,3.637600587599259,3.2
small,importance,Importance 25%,11,300,7.229872833999252,3.608237269440101,3.2
small,importance,Importance 25%,11,400,9.44120599999951,3.588451170657372,3.2
small,importance,Importance 25%,11,500,11.658327417000692,3.575602594036472,3.2
small,importance,Importance 25%,11,600,13.872245417001977,3.564290359933561,3.2
small,importance,Importance 25%,11,700,16.076789083999756,3.5222928845234667,3.2
small,importance,Importance 25%,11,800,18.297880292000627,3.510746259565261,3.2
small,importance,Importance 25%,11,900,20.503213874999346,3.494926972871429,3.2
small,importance,Importance 25%,11,1000,22.71774320899931,3.4744224595603836,3.2
small,importance,Importance 25%,11,1100,24.929883708999114,3.435515813355933,3.2
small,importance,Importance 25%,11,1200,27.143949334000354,3.3856710920544386,3.2
small,importance,Importance 25%,11,1300,29.375040250000893,3.3164257710821246,3.2
small,importance,Importance 25%,11,1400,31.568968792002124,3.2510646137860526,3.2
small,importance,Importance 25%,11,1500,33.77189245900081,3.210958861544124,3.2
small,importance,Importance 25%,11,1600,35.970401417001995,3.1591884182541716,3.2
small,importance,Importance 25%,11,1700,38.17707366700051,3.1211973216915894,3.2
small,importance,Importance 25%,11,1800,40.37829695899927,3.089956888140674,3.2
small,importance,Importance 25%,11,1900,42.585754625000845,3.076628598161939,3.2
small,importance,Importance 25%,11,2000,44.78341570900011,3.0524997815856465,3.2
small,adaptive,Cotangent adaptive,11,100,2.7937227500005974,3.7033508341450765,3.2
small,adaptive,Cotangent adaptive,11,200,4.781339208002464,3.6122701121180145,3.2
small,adaptive,Cotangent adaptive,11,300,6.827374750002491,3.5786284460468365,3.2
small,adaptive,Cotangent adaptive,11,400,8.840166917001625,3.563082944984263,3.2
small,adaptive,Cotangent adaptive,11,500,10.89946775000135,3.533036844952264,3.2
small,adaptive,Cotangent adaptive,11,600,12.902617792002275,3.4993820867017895,3.2
small,adaptive,Cotangent adaptive,11,700,14.894369542002096,3.3954384275024805,3.2
small,adaptive,Cotangent adaptive,11,800,16.867714583000634,3.194734824430402,3.2
small,adaptive,Cotangent adaptive,11,900,18.843700917001115,3.0770734312883956,3.2
small,adaptive,Cotangent adaptive,11,1000,20.765122291999432,3.003670370612437,3.2
small,adaptive,Cotangent adaptive,11,1100,22.742568292000215,2.913275440154606,3.2
small,adaptive,Cotangent adaptive,11,1200,24.658618375000515,2.832558113196729,3.2
small,adaptive,Cotangent adaptive,11,1300,26.618765000002895,2.7680940227820154,3.2
small,adaptive,Cotangent adaptive,11,1400,28.528333042002487,2.7150350962207153,3.2
small,adaptive,Cotangent adaptive,11,1500,30.4772648750004,2.675432124509668,3.2
small,adaptive,Cotangent adaptive,11,1600,32.38575275000039,2.6277491445126517,3.2
small,adaptive,Cotangent adaptive,11,1700,34.34322962499937,2.5914860113878664,3.2
small,adaptive,Cotangent adaptive,11,1800,36.257195875001344,2.5651093976881705,3.2
small,adaptive,Cotangent adaptive,11,1900,38.199053208001715,2.5473883859601343,3.2
small,adaptive,Cotangent adaptive,11,2000,40.123587333000614,2.5264726567564177,3.2
small,exact_custom,Custom exact,11,100,2.4559361249994254,3.7001148515821045,3.2
small,exact_custom,Custom exact,11,200,4.338065333999111,3.6143461791900733,3.2
small,exact_custom,Custom exact,11,300,6.225197750001826,3.5751470442410835,3.2
small,exact_custom,Custom exact,11,400,8.10494000000108,3.5455627713712294,3.2
small,exact_custom,Custom exact,11,500,9.98525625000184,3.4969013981968287,3.2
small,exact_custom,Custom exact,11,600,11.874982084002113,3.459981291345747,3.2
small,exact_custom,Custom exact,11,700,13.746562874999654,3.3307149926247237,3.2
small,exact_custom,Custom exact,11,800,15.633992916998977,3.1918450321947014,3.2
small,exact_custom,Custom exact,11,900,17.510505500002182,3.0435465851345,3.2
small,exact_custom,Custom exact,11,1000,19.421840083999996,2.953446615671815,3.2
small,exact_custom,Custom exact,11,1100,21.317148166999687,2.8727324273973163,3.2
small,exact_custom,Custom exact,11,1200,23.221523416999844,2.8074371448309825,3.2
small,exact_custom,Custom exact,11,1300,25.133441334000963,2.7427891834646654,3.2
small,exact_custom,Custom exact,11,1400,27.032659333999618,2.6911003513170058,3.2
small,exact_custom,Custom exact,11,1500,28.940499542000907,2.662849793155677,3.2
small,exact_custom,Custom exact,11,1600,30.849312250000366,2.608487737925416,3.2
small,exact_custom,Custom exact,11,1700,32.76595158400232,2.576694154424747,3.2
small,exact_custom,Custom exact,11,1800,34.673701542000344,2.5501719627855537,3.2
small,exact_custom,Custom exact,11,1900,36.58041883400074,2.5324055261398586,3.2
small,exact_custom,Custom exact,11,2000,38.47846320900135,2.517765116024197,3.2
small,uniform,Uniform 25%,11,100,2.556962582999404,3.7465467276620457,3.2
small,uniform,Uniform 25%,11,200,4.554125875001773,3.6368250963286872,3.2
small,uniform,Uniform 25%,11,300,6.544852541999717,3.6263062719387844,3.2
small,uniform,Uniform 25%,11,400,8.539613167002244,3.5910465178458795,3.2
small,uniform,Uniform 25%,11,500,10.533401832999516,3.58787841468542,3.2
small,uniform,Uniform 25%,11,600,12.52889666700139,3.5743666407160464,3.2
small,uniform,Uniform 25%,11,700,14.516021250001359,3.5362099356095986,3.2
small,uniform,Uniform 25%,11,800,16.511422499999753,3.526171351274399,3.2
small,uniform,Uniform 25%,11,900,18.508388375001232,3.515409827117382,3.2
small,uniform,Uniform 25%,11,1000,20.492470166998828,3.5037750932973566,3.2
small,uniform,Uniform 25%,11,1100,22.459824542002025,3.4844418463321802,3.2
small,uniform,Uniform 25%,11,1200,24.431374708001385,3.4686717036808328,3.2
small,uniform,Uniform 25%,11,1300,26.39651650000087,3.4448615118375527,3.2
small,uniform,Uniform 25%,11,1400,28.369790749999083,3.4263949606924844,3.2
small,uniform,Uniform 25%,11,1500,30.34099200000128,3.4030133926108173,3.2
small,uniform,Uniform 25%,11,1600,32.31614258300033,3.3695728495009076,3.2
small,uniform,Uniform 25%,11,1700,34.27565304200107,3.351110812900424,3.2
small,uniform,Uniform 25%,11,1800,36.25223770800221,3.323731669333186,3.2
small,uniform,Uniform 25%,11,1900,38.214088749999064,3.3039895443644998,3.2
small,uniform,Uniform 25%,11,2000,40.200250875001075,3.282518413313195,3.2
small,wht,Hadamard 25%,11,100,2.658556750000571,3.824810474880304,3.2
small,wht,Hadamard 25%,11,200,4.71100416599802,3.7102265822884988,3.2
small,wht,Hadamard 25%,11,300,6.755112457998621,3.6710136457317772,3.2
small,wht,Hadamard 25%,11,400,8.806057124998915,3.7163850660375823,3.2
small,wht,Hadamard 25%,11,500,10.862941290997696,3.6659613113973806,3.2
small,wht,Hadamard 25%,11,600,12.94549354099945,3.6491859516495713,3.2
small,wht,Hadamard 25%,11,700,14.985906124999019,3.6351163412032084,3.2
small,wht,Hadamard 25%,11,800,17.041098207999312,3.6407149139345765,3.2
small,wht,Hadamard 25%,11,900,19.08484770799987,3.61598135798773,3.2
small,wht,Hadamard 25%,11,1000,21.130925375000515,3.614267346642484,3.2
small,wht,Hadamard 25%,11,1100,23.171571499999118,3.5993206999191307,3.2
small,wht,Hadamard 25%,11,1200,25.214940665999166,3.586248771579338,3.2
small,wht,Hadamard 25%,11,1300,27.2586056250002,3.5692265629829625,3.2
small,wht,Hadamard 25%,11,1400,29.302949957997043,3.571102281015682,3.2
small,wht,Hadamard 25%,11,1500,31.341116249997867,3.5701159605129837,3.2
small,wht,Hadamard 25%,11,1600,33.388424374999886,3.5609893894263944,3.2
small,wht,Hadamard 25%,11,1700,35.434596707997116,3.5564035042878843,3.2
small,wht,Hadamard 25%,11,1800,37.45896220799841,3.5455188835485125,3.2
small,wht,Hadamard 25%,11,1900,39.480813415997545,3.544971366030575,3.2
small,wht,Hadamard 25%,11,2000,41.511825957997644,3.540884950756918,3.2
small,native,Native exact,11,100,2.5848238750004384,3.6999842737544366,3.2
small,native,Native exact,11,200,4.443993374999991,3.6144061903863087,3.2
small,native,Native exact,11,300,6.304487291999976,3.575379253066495,3.2
small,native,Native exact,11,400,8.16467366699726,3.5446411593409186,3.2
small,native,Native exact,11,500,10.019808708999335,3.4982599106538252,3.2
small,native,Native exact,11,600,11.957045084000129,3.4562211056629453,3.2
small,native,Native exact,11,700,14.054169499999261,3.348375848046163,3.2
small,native,Native exact,11,800,16.15139895899847,3.185824306548959,3.2
small,native,Native exact,11,900,18.06076716700045,3.042997057569331,3.2
small,native,Native exact,11,1000,19.986969874997158,2.950482328076001,3.2
small,native,Native exact,11,1100,21.89752412499729,2.8695835862937535,3.2
small,native,Native exact,11,1200,23.78245545900063,2.813333269046175,3.2
small,native,Native exact,11,1300,25.687859541998478,2.7575010201250127,3.2
small,native,Native exact,11,1400,27.659584375000122,2.707677522557527,3.2
small,native,Native exact,11,1500,29.703474333997292,2.6642821076677254,3.2
small,native,Native exact,11,1600,31.715581917000236,2.615721785049622,3.2
small,native,Native exact,11,1700,33.701942042000155,2.575738839169325,3.2
small,native,Native exact,11,1800,35.62883745900035,2.5560931158509046,3.2
small,native,Native exact,11,1900,37.63020883399804,2.535678012020476,3.2
small,native,Native exact,11,2000,39.57991687499816,2.517048243965281,3.2
small,importance,Importance 25%,23,100,3.2268409170028463,3.7365969723660166,3.2
small,importance,Importance 25%,23,200,5.5286087920030695,3.6349894610025344,3.2
small,importance,Importance 25%,23,300,7.98688554200271,3.6197859044455387,3.2
small,importance,Importance 25%,23,400,10.299995458000922,3.588114417878067,3.2
small,importance,Importance 25%,23,500,12.55340625000099,3.5717085628556364,3.2
small,importance,Importance 25%,23,600,14.797268792000978,3.5683767537093867,3.2
small,importance,Importance 25%,23,700,17.100188292002713,3.526694415009167,3.2
small,importance,Importance 25%,23,800,19.44895308300329,3.533346220243335,3.2
small,importance,Importance 25%,23,900,22.00459820800097,3.5099699513770974,3.2
small,importance,Importance 25%,23,1000,24.623902458002703,3.4835914673660735,3.2
small,importance,Importance 25%,23,1100,26.9940804580001,3.4682090166054333,3.2
small,importance,Importance 25%,23,1200,29.491210542000772,3.44099998537773,3.2
small,importance,Importance 25%,23,1300,31.98373150000043,3.4057603855017233,3.2
small,importance,Importance 25%,23,1400,34.47127654200085,3.361514742130635,3.2
small,importance,Importance 25%,23,1500,37.019257750002,3.324139848657178,3.2
small,importance,Importance 25%,23,1600,39.36914987500131,3.2819652418656102,3.2
small,importance,Importance 25%,23,1700,41.73581291700248,3.2522251742119064,3.2
small,importance,Importance 25%,23,1800,44.04669320800167,3.220400644582998,3.2
small,importance,Importance 25%,23,1900,46.35363191700162,3.193756769843861,3.2
small,importance,Importance 25%,23,2000,48.62041958300324,3.175567669710297,3.2
small,native,Native exact,23,100,2.651277666001988,3.6939730286523234,3.2
small,native,Native exact,23,200,4.6074413750029635,3.6149240301480567,3.2
small,native,Native exact,23,300,6.670653208002477,3.5879927723993283,3.2
small,native,Native exact,23,400,8.69584683300127,3.5551559421385255,3.2
small,native,Native exact,23,500,10.758345416001248,3.524578340472951,3.2
small,native,Native exact,23,600,12.684601458000543,3.4978714663390202,3.2
small,native,Native exact,23,700,14.580981582999812,3.421563409086133,3.2
small,native,Native exact,23,800,16.677022040999873,3.3355091487534283,3.2
small,native,Native exact,23,900,19.12420962500255,3.2057908473791903,3.2
small,native,Native exact,23,1000,21.33281754100244,3.0749147480504284,3.2
small,native,Native exact,23,1100,23.342368000001443,2.989203023413664,3.2
small,native,Native exact,23,1200,25.73768595799993,2.9088790745228894,3.2
small,native,Native exact,23,1300,28.386298958001134,2.8489244820774133,3.2
small,native,Native exact,23,1400,30.789309708001383,2.782582905433351,3.2
small,native,Native exact,23,1500,33.161342791001516,2.750389897600511,3.2
small,native,Native exact,23,1600,35.54574587500247,2.704183662758502,3.2
small,native,Native exact,23,1700,38.27166775000296,2.669474097289081,3.2
small,native,Native exact,23,1800,41.41059595800107,2.6456616320501345,3.2
small,native,Native exact,23,1900,43.83006920800108,2.6152812891106416,3.2
small,native,Native exact,23,2000,46.15065291600331,2.6030266277022074,3.2
small,wht,Hadamard 25%,23,100,2.966395958999783,3.8517622093134003,3.2
small,wht,Hadamard 25%,23,200,5.278773292000551,3.7209337921745904,3.2
small,wht,Hadamard 25%,23,300,8.14428833400234,3.6653532559863393,3.2
small,wht,Hadamard 25%,23,400,10.78970070899959,3.6608045405982472,3.2
small,wht,Hadamard 25%,23,500,13.379408500000864,3.6508492173638967,3.2
small,wht,Hadamard 25%,23,600,16.15486754200174,3.6577397667642093,3.2
small,wht,Hadamard 25%,23,700,19.002203042000474,3.6380214183970043,3.2
small,wht,Hadamard 25%,23,800,21.896933542000625,3.6322486487381433,3.2
small,wht,Hadamard 25%,23,900,24.614097084002424,3.6050101439836486,3.2
small,wht,Hadamard 25%,23,1000,27.317273500000738,3.6033503716669184,3.2
small,wht,Hadamard 25%,23,1100,30.03980808400229,3.6043161187450075,3.2
small,wht,Hadamard 25%,23,1200,32.7001412919999,3.5931124056947907,3.2
small,wht,Hadamard 25%,23,1300,35.292960167000274,3.579519950364331,3.2
small,wht,Hadamard 25%,23,1400,37.81366562500261,3.566364459954051,3.2
small,wht,Hadamard 25%,23,1500,40.38695354200172,3.565274036203002,3.2
small,wht,Hadamard 25%,23,1600,42.94860995899944,3.5633873327784586,3.2
small,wht,Hadamard 25%,23,1700,45.48958712500098,3.562862226749712,3.2
small,wht,Hadamard 25%,23,1800,48.17587279200234,3.5600769784679045,3.2
small,wht,Hadamard 25%,23,1900,50.87913629200193,3.552471959391329,3.2
small,wht,Hadamard 25%,23,2000,53.565258542002994,3.555373328209216,3.2
small,uniform,Uniform 25%,23,100,3.475705166998523,3.7335389703488566,3.2
small,uniform,Uniform 25%,23,200,5.946637958997599,3.639057377392308,3.2
small,uniform,Uniform 25%,23,300,8.492491749999317,3.61586974124732,3.2
small,uniform,Uniform 25%,23,400,10.779103208999004,3.591746927940434,3.2
small,uniform,Uniform 25%,23,500,12.909849499999837,3.568872783921222,3.2
small,uniform,Uniform 25%,23,600,15.053998542000045,3.5840402886150304,3.2
small,uniform,Uniform 25%,23,700,17.219719083997916,3.558592080260355,3.2
small,uniform,Uniform 25%,23,800,19.36097458399672,3.552042851928511,3.2
small,uniform,Uniform 25%,23,900,21.511775083999964,3.5250059753343215,3.2
small,uniform,Uniform 25%,23,1000,23.680372166996676,3.500832190669286,3.2
small,uniform,Uniform 25%,23,1100,25.872249916999863,3.497876593571799,3.2
small,uniform,Uniform 25%,23,1200,28.050918375000037,3.4695659167250783,3.2
small,uniform,Uniform 25%,23,1300,30.23498666699743,3.4520277816739457,3.2
small,uniform,Uniform 25%,23,1400,32.472139792000235,3.433145354981259,3.2
small,uniform,Uniform 25%,23,1500,34.643460583996784,3.4092028224881403,3.2
small,uniform,Uniform 25%,23,1600,36.771108916997036,3.3892614986140916,3.2
small,uniform,Uniform 25%,23,1700,38.84355354199943,3.3630157959584497,3.2
small,uniform,Uniform 25%,23,1800,40.84044541699768,3.345967736219866,3.2
small,uniform,Uniform 25%,23,1900,42.8577828339985,3.3290228445739687,3.2
small,uniform,Uniform 25%,23,2000,44.87259408399768,3.3153553833099014,3.2
small,exact_custom,Custom exact,23,100,2.461641249999957,3.6940160673107014,3.2
small,exact_custom,Custom exact,23,200,4.367507082999509,3.614906573908994,3.2
small,exact_custom,Custom exact,23,300,6.271545915999013,3.591960487397143,3.2
small,exact_custom,Custom exact,23,400,8.1831296249984,3.551399067121753,3.2
small,exact_custom,Custom exact,23,500,10.085861040999589,3.5223005162535985,3.2
small,exact_custom,Custom exact,23,600,12.011500582997542,3.5052083214672374,3.2
small,exact_custom,Custom exact,23,700,13.95039233299758,3.4123391088581903,3.2
small,exact_custom,Custom exact,23,800,15.901321749999624,3.3220348025084485,3.2
small,exact_custom,Custom exact,23,900,17.82182370800001,3.185658397035455,3.2
small,exact_custom,Custom exact,23,1000,19.736119999997754,3.047469203056584,3.2
small,exact_custom,Custom exact,23,1100,21.658197540997207,2.970063450411191,3.2
small,exact_custom,Custom exact,23,1200,23.571758999998565,2.8837239246052837,3.2
small,exact_custom,Custom exact,23,1300,25.50065474999792,2.8244994898785034,3.2
small,exact_custom,Custom exact,23,1400,27.410067916000116,2.7568814902464847,3.2
small,exact_custom,Custom exact,23,1500,29.327410207999492,2.7271269867990235,3.2
small,exact_custom,Custom exact,23,1600,31.257583707996673,2.686949437174817,3.2
small,exact_custom,Custom exact,23,1700,33.17709795799965,2.639304696445329,3.2
small,exact_custom,Custom exact,23,1800,35.08707129100003,2.619794172988318,3.2
small,exact_custom,Custom exact,23,1900,37.00159537499712,2.5959649878110334,3.2
small,exact_custom,Custom exact,23,2000,38.9154356250001,2.5795562735770323,3.2
small,adaptive,Cotangent adaptive,23,100,2.7636090830019384,3.705004458082038,3.2
small,adaptive,Cotangent adaptive,23,200,4.819084957998712,3.6183102073098103,3.2
small,adaptive,Cotangent adaptive,23,300,6.83507391600142,3.6042486800480376,3.2
small,adaptive,Cotangent adaptive,23,400,8.852048666001792,3.5640012570974604,3.2
small,adaptive,Cotangent adaptive,23,500,10.862034500001755,3.536153181334814,3.2
small,adaptive,Cotangent adaptive,23,600,12.860588291001477,3.519662205649122,3.2
small,adaptive,Cotangent adaptive,23,700,14.88310787500086,3.483528618456099,3.2
small,adaptive,Cotangent adaptive,23,800,16.846988165998482,3.4232628449017177,3.2
small,adaptive,Cotangent adaptive,23,900,18.79735404100211,3.277339585739089,3.2
small,adaptive,Cotangent adaptive,23,1000,20.745809708001616,3.1142653782169973,3.2
small,adaptive,Cotangent adaptive,23,1100,22.74478262499906,3.0041688945727096,3.2
small,adaptive,Cotangent adaptive,23,1200,24.713437458001863,2.9279411800900643,3.2
small,adaptive,Cotangent adaptive,23,1300,26.64975583300111,2.8627584064241423,3.2
small,adaptive,Cotangent adaptive,23,1400,28.572504332998506,2.786232033319358,3.2
small,adaptive,Cotangent adaptive,23,1500,30.47896245800075,2.757535739122656,3.2
small,adaptive,Cotangent adaptive,23,1600,32.397140207998746,2.709549612831205,3.2
small,adaptive,Cotangent adaptive,23,1700,34.321799332999944,2.6694392546789074,3.2
small,adaptive,Cotangent adaptive,23,1800,36.25469349999912,2.6530495928979474,3.2
small,adaptive,Cotangent adaptive,23,1900,38.18576783300159,2.6226632251912165,3.2
small,adaptive,Cotangent adaptive,23,2000,40.087286291000055,2.602426429748528,3.2
small,exact_custom,Custom exact,37,100,2.501164749999589,3.679792177677599,3.2
small,exact_custom,Custom exact,37,200,4.3859243339975365,3.616208192355302,3.2
small,exact_custom,Custom exact,37,300,6.282033833998867,3.5876726051969157,3.2
small,exact_custom,Custom exact,37,400,8.189987708999979,3.5540691945166394,3.2
small,exact_custom,Custom exact,37,500,10.088239999997313,3.5384231695946364,3.2
small,exact_custom,Custom exact,37,600,11.977924833998259,3.4925414660148055,3.2
small,exact_custom,Custom exact,37,700,13.869415583998489,3.423892871096407,3.2
small,exact_custom,Custom exact,37,800,15.759054041998752,3.2554011563275584,3.2
small,exact_custom,Custom exact,37,900,17.660948666998593,3.090151293029643,3.2
small,exact_custom,Custom exact,37,1000,19.538862999997946,2.9877473192610986,3.2
small,exact_custom,Custom exact,37,1100,21.455099625000003,2.9044098688640743,3.2
small,exact_custom,Custom exact,37,1200,23.336090499997226,2.8190882868707923,3.2
small,exact_custom,Custom exact,37,1300,25.225977166999655,2.75666190064808,3.2
small,exact_custom,Custom exact,37,1400,27.099915166996652,2.6862272014069766,3.2
small,exact_custom,Custom exact,37,1500,28.990948749997187,2.643579018888427,3.2
small,exact_custom,Custom exact,37,1600,30.89185595899835,2.5932932480787954,3.2
small,exact_custom,Custom exact,37,1700,32.77159158399809,2.561824566677896,3.2
small,exact_custom,Custom exact,37,1800,34.651663499997085,2.5348078980451825,3.2
small,exact_custom,Custom exact,37,1900,36.53534383399892,2.5102575519916255,3.2
small,exact_custom,Custom exact,37,2000,38.42000770899904,2.502246154034435,3.2
small,wht,Hadamard 25%,37,100,2.736187416998291,3.8315251182755308,3.2
small,wht,Hadamard 25%,37,200,4.778752041998814,3.741117783569006,3.2
small,wht,Hadamard 25%,37,300,6.819932667000103,3.940008033817134,3.2
small,wht,Hadamard 25%,37,400,8.863838458997634,3.6506060123977453,3.2
small,wht,Hadamard 25%,37,500,10.906405999998242,3.6533473943546673,3.2
small,wht,Hadamard 25%,37,600,12.960107541999605,3.6468709361819696,3.2
small,wht,Hadamard 25%,37,700,15.004139749999013,3.6388276945620808,3.2
small,wht,Hadamard 25%,37,800,17.049270499999693,3.628809737396069,3.2
small,wht,Hadamard 25%,37,900,19.102661958997487,3.6151869163788164,3.2
small,wht,Hadamard 25%,37,1000,21.142711249998683,3.6167569137517956,3.2
small,wht,Hadamard 25%,37,1100,23.202119208999648,3.584463494923141,3.2
small,wht,Hadamard 25%,37,1200,25.23851766699954,3.600255801838619,3.2
small,wht,Hadamard 25%,37,1300,27.285102999998344,3.57961525025074,3.2
small,wht,Hadamard 25%,37,1400,29.31761437499881,3.573282290102356,3.2
small,wht,Hadamard 25%,37,1500,31.36103616699984,3.565938910382322,3.2
small,wht,Hadamard 25%,37,1600,33.40626562499892,3.5504024706556656,3.2
small,wht,Hadamard 25%,37,1700,35.432938624999224,3.5493871603273814,3.2
small,wht,Hadamard 25%,37,1800,37.44009237499995,3.549721720327888,3.2
small,wht,Hadamard 25%,37,1900,39.47426254199672,3.5428564738750836,3.2
small,wht,Hadamard 25%,37,2000,41.48857133399724,3.5368151103112377,3.2
small,importance,Importance 25%,37,100,2.7741766670005745,3.7302655600614907,3.2
small,importance,Importance 25%,37,200,4.984507334000227,3.645319082978656,3.2
small,importance,Importance 25%,37,300,7.197080417001416,3.606418348677829,3.2
small,importance,Importance 25%,37,400,9.39477645900115,3.584661801668502,3.2
small,importance,Importance 25%,37,500,11.609872125001857,3.570139898348201,3.2
small,importance,Importance 25%,37,600,13.83478445899891,3.560683077576292,3.2
small,importance,Importance 25%,37,700,16.064152875002037,3.5446873581805067,3.2
small,importance,Importance 25%,37,800,18.287476292000065,3.5254041259199846,3.2
small,importance,Importance 25%,37,900,20.513398875002167,3.5023811739121133,3.2
small,importance,Importance 25%,37,1000,22.74072100000194,3.4816623917159237,3.2
small,importance,Importance 25%,37,1100,24.97122120900167,3.4632362027492296,3.2
small,importance,Importance 25%,37,1200,27.20850950000022,3.4343204586900264,3.2
small,importance,Importance 25%,37,1300,29.431129333999706,3.400375748439113,3.2
small,importance,Importance 25%,37,1400,31.658824917001766,3.33833301788927,3.2
small,importance,Importance 25%,37,1500,33.87942716700127,3.2882909035002483,3.2
small,importance,Importance 25%,37,1600,36.11425779199999,3.2294658178632294,3.2
small,importance,Importance 25%,37,1700,38.334610624999186,3.191209061849642,3.2
small,importance,Importance 25%,37,1800,40.56551899999977,3.1608679470779197,3.2
small,importance,Importance 25%,37,1900,42.79572904200177,3.131374653030372,3.2
small,importance,Importance 25%,37,2000,45.016687625000486,3.1125503349758463,3.2
small,native,Native exact,37,100,2.494505875001778,3.6798468896584047,3.2
small,native,Native exact,37,200,4.376411707999068,3.615636973478293,3.2
small,native,Native exact,37,300,6.254912500000501,3.587952066255652,3.2
small,native,Native exact,37,400,8.140111125001567,3.5517114951048767,3.2
small,native,Native exact,37,500,10.001464291999582,3.5409918594722605,3.2
small,native,Native exact,37,600,11.866907708001236,3.4913635675879617,3.2
small,native,Native exact,37,700,13.727331041998696,3.421737541520131,3.2
small,native,Native exact,37,800,15.590477875000943,3.23114586263493,3.2
small,native,Native exact,37,900,17.446267625000473,3.0767856183221767,3.2
small,native,Native exact,37,1000,19.324451749998843,2.9820140411184424,3.2
small,native,Native exact,37,1100,21.19591095800206,2.906570997480358,3.2
small,native,Native exact,37,1200,23.070052333001513,2.8357614513027842,3.2
small,native,Native exact,37,1300,24.94358524999916,2.765853035096695,3.2
small,native,Native exact,37,1400,26.825678832999984,2.7026869407437055,3.2
small,native,Native exact,37,1500,28.69892437499948,2.6572677522566233,3.2
small,native,Native exact,37,1600,30.58493337500113,2.607227787650737,3.2
small,native,Native exact,37,1700,32.45949841699985,2.5754103899273817,3.2
small,native,Native exact,37,1800,34.33248837499923,2.5512049282078406,3.2
small,native,Native exact,37,1900,36.2070211249993,2.5243573991377932,3.2
small,native,Native exact,37,2000,38.08035274999929,2.515953327167478,3.2
small,adaptive,Cotangent adaptive,37,100,2.972556792003161,3.708777348983172,3.2
small,adaptive,Cotangent adaptive,37,200,5.0469720420005615,3.6219998371100957,3.2
small,adaptive,Cotangent adaptive,37,300,7.072679042001255,3.5958038159427215,3.2
small,adaptive,Cotangent adaptive,37,400,9.08512412500204,3.5565548275228123,3.2
small,adaptive,Cotangent adaptive,37,500,11.209169584002666,3.547114818055025,3.2
small,adaptive,Cotangent adaptive,37,600,13.20530083400081,3.508392451260974,3.2
small,adaptive,Cotangent adaptive,37,700,15.310544209001819,3.470981742400475,3.2
small,adaptive,Cotangent adaptive,37,800,17.324926709003194,3.368963310739503,3.2
small,adaptive,Cotangent adaptive,37,900,19.326543250001123,3.1520755490308723,3.2
small,adaptive,Cotangent adaptive,37,1000,21.3184784590012,3.041158917745825,3.2
small,adaptive,Cotangent adaptive,37,1100,23.303016542002297,2.9630948692575076,3.2
small,adaptive,Cotangent adaptive,37,1200,25.26134141700095,2.869615601939103,3.2
small,adaptive,Cotangent adaptive,37,1300,27.186552541999845,2.810169836289578,3.2
small,adaptive,Cotangent adaptive,37,1400,29.134613125002943,2.7378287523593237,3.2
small,adaptive,Cotangent adaptive,37,1500,31.096347500002594,2.6959238036153934,3.2
small,adaptive,Cotangent adaptive,37,1600,33.07597991700095,2.6482266296752233,3.2
small,adaptive,Cotangent adaptive,37,1700,35.010216542003036,2.611095462490328,3.2
small,adaptive,Cotangent adaptive,37,1800,36.96121958400181,2.5866925593131387,3.2
small,adaptive,Cotangent adaptive,37,1900,38.92239137500292,2.5625141526143613,3.2
small,adaptive,Cotangent adaptive,37,2000,40.894294500001706,2.550311790055163,3.2
small,uniform,Uniform 25%,37,100,2.5676628340006573,3.7802730199463634,3.2
small,uniform,Uniform 25%,37,200,4.548863416999666,3.6550338669779436,3.2
small,uniform,Uniform 25%,37,300,6.553937666998536,3.630015668995003,3.2
small,uniform,Uniform 25%,37,400,8.542081833998964,3.5980232950477684,3.2
small,uniform,Uniform 25%,37,500,10.53776554200158,3.580652069159298,3.2
small,uniform,Uniform 25%,37,600,12.529217625000456,3.5702780971570847,3.2
small,uniform,Uniform 25%,37,700,14.562146208998456,3.552497520312814,3.2
small,uniform,Uniform 25%,37,800,16.55415966700093,3.5409830238635727,3.2
small,uniform,Uniform 25%,37,900,18.548990084000252,3.5170858840413657,3.2
small,uniform,Uniform 25%,37,1000,20.532671791999746,3.5086651190050016,3.2
small,uniform,Uniform 25%,37,1100,22.534655084000406,3.4880491931829436,3.2
small,uniform,Uniform 25%,37,1200,24.521638875001372,3.4735731984815073,3.2
small,uniform,Uniform 25%,37,1300,26.51309233400025,3.4577754956103592,3.2
small,uniform,Uniform 25%,37,1400,28.49337795899919,3.4248393991132615,3.2
small,uniform,Uniform 25%,37,1500,30.499014666998846,3.4049529592026695,3.2
small,uniform,Uniform 25%,37,1600,32.48913199999879,3.3586192744674555,3.2
small,uniform,Uniform 25%,37,1700,34.482136958999035,3.3327379385554976,3.2
small,uniform,Uniform 25%,37,1800,36.46608904200184,3.3100384106714897,3.2
small,uniform,Uniform 25%,37,1900,38.456238167000265,3.2858861668334747,3.2
small,uniform,Uniform 25%,37,2000,40.41885700000057,3.271085028181667,3.2
small,wht,Hadamard 25%,53,100,2.6937500829990313,3.791411379589252,3.2
small,wht,Hadamard 25%,53,200,4.706038000000262,3.752600430981091,3.2
small,wht,Hadamard 25%,53,300,6.728441791001387,3.6651205204640593,3.2
small,wht,Hadamard 25%,53,400,8.80492900000172,3.6625914188428808,3.2
small,wht,Hadamard 25%,53,500,10.830452165999304,3.6624414714691595,3.2
small,wht,Hadamard 25%,53,600,12.844988374999957,3.635489328577267,3.2
small,wht,Hadamard 25%,53,700,14.858901708001213,3.6376229560927866,3.2
small,wht,Hadamard 25%,53,800,16.87121499999921,3.616840368333127,3.2
small,wht,Hadamard 25%,53,900,19.023253999999724,3.61454434619953,3.2
small,wht,Hadamard 25%,53,1000,21.224631375000172,3.6105487807611913,3.2
small,wht,Hadamard 25%,53,1100,23.269365208001545,3.6001559659097926,3.2
small,wht,Hadamard 25%,53,1200,25.323711125001864,3.594211321089226,3.2
small,wht,Hadamard 25%,53,1300,27.369386665999627,3.591660872121509,3.2
small,wht,Hadamard 25%,53,1400,29.39518875000067,3.5741188459629,3.2
small,wht,Hadamard 25%,53,1500,31.4239507079983,3.566800242493506,3.2
small,wht,Hadamard 25%,53,1600,33.46646737500123,3.564881034347949,3.2
small,wht,Hadamard 25%,53,1700,35.540952583000035,3.559793002864583,3.2
small,wht,Hadamard 25%,53,1800,37.564904666000075,3.558181890889131,3.2
small,wht,Hadamard 25%,53,1900,39.61685545799992,3.548860033502487,3.2
small,wht,Hadamard 25%,53,2000,41.65651691599851,3.547528855538062,3.2
small,importance,Importance 25%,53,100,2.9381939169979887,3.7138255987296107,3.2
small,importance,Importance 25%,53,200,5.349067167000612,3.634737011968899,3.2
small,importance,Importance 25%,53,300,7.673971124997479,3.615710614299609,3.2
small,importance,Importance 25%,53,400,9.924711708998075,3.6024932316328497,3.2
small,importance,Importance 25%,53,500,12.162732459000836,3.5794703118717255,3.2
small,importance,Importance 25%,53,600,14.40042079200066,3.560928432325579,3.2
small,importance,Importance 25%,53,700,16.61112399999911,3.553416574101193,3.2
small,importance,Importance 25%,53,800,18.81701691700073,3.5174429092756414,3.2
small,importance,Importance 25%,53,900,21.02263112500077,3.5136026549199473,3.2
small,importance,Importance 25%,53,1000,23.240475374997914,3.493651463541305,3.2
small,importance,Importance 25%,53,1100,25.44665129200075,3.4663245382064356,3.2
small,importance,Importance 25%,53,1200,27.6618054999999,3.4430899185510153,3.2
small,importance,Importance 25%,53,1300,29.86615995899774,3.4215533695988887,3.2
small,importance,Importance 25%,53,1400,32.08671954199963,3.3883438851804133,3.2
small,importance,Importance 25%,53,1500,34.31415529199876,3.3503043647526973,3.2
small,importance,Importance 25%,53,1600,36.573026666999795,3.3266085628700726,3.2
small,importance,Importance 25%,53,1700,38.96552908399826,3.3053269137043557,3.2
small,importance,Importance 25%,53,1800,41.276643249999324,3.2824063021226637,3.2
small,importance,Importance 25%,53,1900,43.75790529200094,3.2581517286073858,3.2
small,importance,Importance 25%,53,2000,46.11371337499804,3.241696428572832,3.2
small,uniform,Uniform 25%,53,100,2.89743820899821,3.724968397674675,3.2
small,uniform,Uniform 25%,53,200,5.180242541999178,3.643526518557629,3.2
small,uniform,Uniform 25%,53,300,7.19400429199959,3.6134010592811725,3.2
small,uniform,Uniform 25%,53,400,9.274020249999012,3.601974316979534,3.2
small,uniform,Uniform 25%,53,500,11.280369708998478,3.5825186291158593,3.2
small,uniform,Uniform 25%,53,600,13.28968258399982,3.5725511811046227,3.2
small,uniform,Uniform 25%,53,700,15.348794999998063,3.567785821321022,3.2
small,uniform,Uniform 25%,53,800,17.379871124998317,3.53289610939928,3.2
small,uniform,Uniform 25%,53,900,19.4359137499996,3.529085285574715,3.2
small,uniform,Uniform 25%,53,1000,21.441004374999466,3.499526616622008,3.2
small,uniform,Uniform 25%,53,1100,23.461858666996704,3.4768128894203882,3.2
small,uniform,Uniform 25%,53,1200,25.470742374996917,3.4527167334243862,3.2
small,uniform,Uniform 25%,53,1300,27.596442458998354,3.417963307004537,3.2
small,uniform,Uniform 25%,53,1400,29.618812499997148,3.3756384196228626,3.2
small,uniform,Uniform 25%,53,1500,31.65417691699986,3.331964382089748,3.2
small,uniform,Uniform 25%,53,1600,33.63583920899691,3.295013458097415,3.2
small,uniform,Uniform 25%,53,1700,35.63219433399718,3.265629964223528,3.2
small,uniform,Uniform 25%,53,1800,37.62868279199756,3.238657677863653,3.2
small,uniform,Uniform 25%,53,1900,39.600218791998486,3.2129029104338143,3.2
small,uniform,Uniform 25%,53,2000,41.59894558399901,3.189946343729176,3.2
small,exact_custom,Custom exact,53,100,2.5676102910001646,3.692489796526704,3.2
small,exact_custom,Custom exact,53,200,4.508085957997537,3.6180154612929782,3.2
small,exact_custom,Custom exact,53,300,6.416336499998579,3.5814752426198218,3.2
small,exact_custom,Custom exact,53,400,8.38552908299971,3.549311251484857,3.2
small,exact_custom,Custom exact,53,500,10.360264374998224,3.5236124644078743,3.2
small,exact_custom,Custom exact,53,600,12.268792457998643,3.487695586103854,3.2
small,exact_custom,Custom exact,53,700,14.233525540999835,3.3960466226494255,3.2
small,exact_custom,Custom exact,53,800,16.16292308300035,3.1835551889513067,3.2
small,exact_custom,Custom exact,53,900,18.08152245800011,3.0580789740220458,3.2
small,exact_custom,Custom exact,53,1000,20.018189457998233,2.9448400771257717,3.2
small,exact_custom,Custom exact,53,1100,21.93590445799782,2.8494759981919833,3.2
small,exact_custom,Custom exact,53,1200,23.845791290998022,2.7886757401799254,3.2
small,exact_custom,Custom exact,53,1300,25.793350083000405,2.7124285002919493,3.2
small,exact_custom,Custom exact,53,1400,27.71827462500005,2.6567730979059947,3.2
small,exact_custom,Custom exact,53,1500,29.624436165999214,2.6173205357720426,3.2
small,exact_custom,Custom exact,53,1600,31.56635833299879,2.5815612258229597,3.2
small,exact_custom,Custom exact,53,1700,33.474724499999866,2.549535111029409,3.2
small,exact_custom,Custom exact,53,1800,35.40287616599744,2.513455972468757,3.2
small,exact_custom,Custom exact,53,1900,37.32653504100017,2.504116239635339,3.2
small,exact_custom,Custom exact,53,2000,39.23456412499945,2.4794798646351452,3.2
small,native,Native exact,53,100,2.5446665000017674,3.692456872597979,3.2
small,native,Native exact,53,200,4.441008207999403,3.617807222549531,3.2
small,native,Native exact,53,300,6.318024457999854,3.5841080175327233,3.2
small,native,Native exact,53,400,8.204047791001358,3.5529929700832024,3.2
small,native,Native exact,53,500,10.111007208000956,3.5368016526688075,3.2
small,native,Native exact,53,600,11.97458429100152,3.4935944082968815,3.2
small,native,Native exact,53,700,13.86242399999901,3.4071536277052785,3.2
small,native,Native exact,53,800,15.740915207999933,3.1825362454895227,3.2
small,native,Native exact,53,900,17.611090458001854,3.0498434396751186,3.2
small,native,Native exact,53,1000,19.495616666001297,2.945959522949153,3.2
small,native,Native exact,53,1100,21.402827207999508,2.8592705660178974,3.2
small,native,Native exact,53,1200,23.286271249999118,2.7937777022580117,3.2
small,native,Native exact,53,1300,25.21654720800143,2.729731755412124,3.2
small,native,Native exact,53,1400,27.210523249999824,2.673047552808708,3.2
small,native,Native exact,53,1500,29.11379612500241,2.63548843366943,3.2
small,native,Native exact,53,1600,31.015696124999522,2.5973497813668653,3.2
small,native,Native exact,53,1700,32.94396287500058,2.5659946568856555,3.2
small,native,Native exact,53,1800,34.83183270800146,2.536973600325088,3.2
small,native,Native exact,53,1900,36.722496875001525,2.519385289335566,3.2
small,native,Native exact,53,2000,38.60862441599966,2.49592829611258,3.2
small,adaptive,Cotangent adaptive,53,100,2.784373708000203,3.6916414168589133,3.2
small,adaptive,Cotangent adaptive,53,200,4.813198292002198,3.6278344345319415,3.2
small,adaptive,Cotangent adaptive,53,300,6.8187228750030044,3.5898740906171165,3.2
small,adaptive,Cotangent adaptive,53,400,8.854054458002793,3.5664107555338798,3.2
small,adaptive,Cotangent adaptive,53,500,10.879825833002542,3.5328310462126753,3.2
small,adaptive,Cotangent adaptive,53,600,12.939323958002205,3.5005218802225513,3.2
small,adaptive,Cotangent adaptive,53,700,14.922289292000642,3.402050569237793,3.2
small,adaptive,Cotangent adaptive,53,800,16.90289712500089,3.168109556064306,3.2
small,adaptive,Cotangent adaptive,53,900,18.900311458000942,3.0614506186498014,3.2
small,adaptive,Cotangent adaptive,53,1000,20.868877417000476,2.9592831478984833,3.2
small,adaptive,Cotangent adaptive,53,1100,22.894597375001467,2.873007486775082,3.2
small,adaptive,Cotangent adaptive,53,1200,24.86978779200217,2.808197587619604,3.2
small,adaptive,Cotangent adaptive,53,1300,26.86347866700089,2.7335304437108876,3.2
small,adaptive,Cotangent adaptive,53,1400,28.83379962500112,2.6850306374880564,3.2
small,adaptive,Cotangent adaptive,53,1500,30.82380112500323,2.6290674345271783,3.2
small,adaptive,Cotangent adaptive,53,1600,32.837838625000586,2.588032239669866,3.2
small,adaptive,Cotangent adaptive,53,1700,34.813103667002,2.561969897392333,3.2
small,adaptive,Cotangent adaptive,53,1800,36.77589245800118,2.5313688845884093,3.2
small,adaptive,Cotangent adaptive,53,1900,38.77247108300071,2.5114591625264566,3.2
small,adaptive,Cotangent adaptive,53,2000,40.7632752080026,2.4893116613305137,3.2
small,native,Native exact,71,100,2.5751324580014625,3.685484900161399,3.2
small,native,Native exact,71,200,4.472982999999658,3.6192201352687783,3.2
small,native,Native exact,71,300,6.40118020799855,3.6017636489811427,3.2
small,native,Native exact,71,400,8.288669707999361,3.560226646369818,3.2
small,native,Native exact,71,500,10.214907540997956,3.5190929645725975,3.2
small,native,Native exact,71,600,12.160038416001044,3.4793538900912235,3.2
small,native,Native exact,71,700,14.057231791000959,3.366741251894693,3.2
small,native,Native exact,71,800,15.951798999998573,3.2104803305670138,3.2
small,native,Native exact,71,900,17.88871987499806,3.081255286184366,3.2
small,native,Native exact,71,1000,19.84367516600105,3.00388364522288,3.2
small,native,Native exact,71,1100,21.75108820799869,2.924745393097274,3.2
small,native,Native exact,71,1200,23.64166458299951,2.869582833869656,3.2
small,native,Native exact,71,1300,25.52841895799793,2.792697097641436,3.2
small,native,Native exact,71,1400,27.43846241600113,2.7533974764542215,3.2
small,native,Native exact,71,1500,29.313353458001075,2.709137472531786,3.2
small,native,Native exact,71,1600,31.197081165999407,2.67392179974208,3.2
small,native,Native exact,71,1700,33.076653374999296,2.638460713084051,3.2
small,native,Native exact,71,1800,34.94220770799802,2.6069385558276488,3.2
small,native,Native exact,71,1900,36.82374695799808,2.5917301031395614,3.2
small,native,Native exact,71,2000,38.68580245799967,2.571829942238105,3.2
small,uniform,Uniform 25%,71,100,2.656196750001982,3.726569513158545,3.2
small,uniform,Uniform 25%,71,200,4.638027583001531,3.6511912801075472,3.2
small,uniform,Uniform 25%,71,300,6.612933708001947,3.6401363642970743,3.2
small,uniform,Uniform 25%,71,400,8.583343125003012,3.5983429570511443,3.2
small,uniform,Uniform 25%,71,500,10.566083792000427,3.5793496875399766,3.2
small,uniform,Uniform 25%,71,600,12.553457167003216,3.579480243869813,3.2
small,uniform,Uniform 25%,71,700,14.570208500001172,3.5541953222932157,3.2
small,uniform,Uniform 25%,71,800,16.565737083001295,3.5441039392842013,3.2
small,uniform,Uniform 25%,71,900,18.57004533300278,3.5296358342868737,3.2
small,uniform,Uniform 25%,71,1000,20.696406833001674,3.51649739165686,3.2
small,uniform,Uniform 25%,71,1100,22.68784208299985,3.4976831023406625,3.2
small,uniform,Uniform 25%,71,1200,24.68898504200115,3.4754620086935235,3.2
small,uniform,Uniform 25%,71,1300,26.690439542002423,3.454446481182186,3.2
small,uniform,Uniform 25%,71,1400,28.683351333002065,3.435399596079612,3.2
small,uniform,Uniform 25%,71,1500,30.67513266700189,3.399631547262082,3.2
small,uniform,Uniform 25%,71,1600,32.68063379200248,3.3768766087177493,3.2
small,uniform,Uniform 25%,71,1700,34.65626758300277,3.344450559018533,3.2
small,uniform,Uniform 25%,71,1800,36.65747525000188,3.316139849925065,3.2
small,uniform,Uniform 25%,71,1900,38.65845850000187,3.2994307572424164,3.2
small,uniform,Uniform 25%,71,2000,40.63995412500299,3.2903034014849823,3.2
small,exact_custom,Custom exact,71,100,2.5804939580011705,3.6854461825671234,3.2
small,exact_custom,Custom exact,71,200,4.484041374998924,3.619778863905769,3.2
small,exact_custom,Custom exact,71,300,6.454472582998278,3.604551810219099,3.2
small,exact_custom,Custom exact,71,400,8.378997167001216,3.5595468526955356,3.2
small,exact_custom,Custom exact,71,500,10.329290417001175,3.525287908643664,3.2
small,exact_custom,Custom exact,71,600,12.233874375000596,3.483800211308558,3.2
small,exact_custom,Custom exact,71,700,14.149881041998015,3.372750056992947,3.2
small,exact_custom,Custom exact,71,800,16.05745370799923,3.189387539849776,3.2
small,exact_custom,Custom exact,71,900,17.961245292000967,3.0731007825382846,3.2
small,exact_custom,Custom exact,71,1000,19.864450166998722,3.004840621185775,3.2
small,exact_custom,Custom exact,71,1100,21.779378541999904,2.9145120061632253,3.2
small,exact_custom,Custom exact,71,1200,23.662540332999924,2.8492567955545427,3.2
small,exact_custom,Custom exact,71,1300,25.56727816700004,2.7716479797686016,3.2
small,exact_custom,Custom exact,71,1400,27.45108179199815,2.721026815917498,3.2
small,exact_custom,Custom exact,71,1500,29.369608749999315,2.671990079858673,3.2
small,exact_custom,Custom exact,71,1600,31.313575542000763,2.6315769247517005,3.2
small,exact_custom,Custom exact,71,1700,33.21543754199956,2.595645728891996,3.2
small,exact_custom,Custom exact,71,1800,35.158785499999794,2.562605824741729,3.2
small,exact_custom,Custom exact,71,1900,37.13751462499931,2.54518051568402,3.2
small,exact_custom,Custom exact,71,2000,39.05932370799928,2.5343039243846603,3.2
small,wht,Hadamard 25%,71,100,2.79287312499946,3.808480765176543,3.2
small,wht,Hadamard 25%,71,200,4.851492333000351,3.7077064022673336,3.2
small,wht,Hadamard 25%,71,300,6.964166750000004,3.7054955222948296,3.2
small,wht,Hadamard 25%,71,400,9.079871041001752,3.6526497037357797,3.2
small,wht,Hadamard 25%,71,500,11.14213295800073,3.665037581830681,3.2
small,wht,Hadamard 25%,71,600,13.190720250000595,3.6337992658161538,3.2
small,wht,Hadamard 25%,71,700,15.23655679100193,3.6237887254019605,3.2
small,wht,Hadamard 25%,71,800,17.278027000000293,3.632448567820856,3.2
small,wht,Hadamard 25%,71,900,19.332560875001946,3.6203295846005785,3.2
small,wht,Hadamard 25%,71,1000,21.366356291000557,3.742578969668568,3.2
small,wht,Hadamard 25%,71,1100,23.396800250000524,3.5917335885360764,3.2
small,wht,Hadamard 25%,71,1200,25.470900708001864,3.5715629580438497,3.2
small,wht,Hadamard 25%,71,1300,27.485377125001833,3.5706873513726443,3.2
small,wht,Hadamard 25%,71,1400,29.515338000001066,3.5680938744954642,3.2
small,wht,Hadamard 25%,71,1500,31.539232040999195,3.5586324961833076,3.2
small,wht,Hadamard 25%,71,1600,33.582172833001096,3.5632411367763095,3.2
small,wht,Hadamard 25%,71,1700,35.589437499998894,3.5565520005579887,3.2
small,wht,Hadamard 25%,71,1800,37.622442541000055,3.555935303018742,3.2
small,wht,Hadamard 25%,71,1900,39.664320791001956,3.5485648467801125,3.2
small,wht,Hadamard 25%,71,2000,41.67320533300153,3.545397775515558,3.2
small,importance,Importance 25%,71,100,2.810977584002103,3.7116767292516584,3.2
small,importance,Importance 25%,71,200,5.065390834002756,3.638899529565563,3.2
small,importance,Importance 25%,71,300,7.311092875002942,3.6340889275958697,3.2
small,importance,Importance 25%,71,400,9.567539709001721,3.5881201792968707,3.2
small,importance,Importance 25%,71,500,11.801262875000248,3.5736247613048024,3.2
small,importance,Importance 25%,71,600,14.070239584001683,3.5544349478704462,3.2
small,importance,Importance 25%,71,700,16.329490667001664,3.5308792258569492,3.2
small,importance,Importance 25%,71,800,18.583117667003535,3.5207647434281406,3.2
small,importance,Importance 25%,71,900,20.834807917002763,3.503389368458218,3.2
small,importance,Importance 25%,71,1000,23.074961084003007,3.487758241533346,3.2
small,importance,Importance 25%,71,1100,25.343617709000682,3.437711763084559,3.2
small,importance,Importance 25%,71,1200,27.64986391700222,3.3484126523334474,3.2
small,importance,Importance 25%,71,1300,29.908097709001595,3.26553508354483,3.2
small,importance,Importance 25%,71,1400,32.15128262500002,3.190857755038508,3.2
small,importance,Importance 25%,71,1500,34.409132417000365,3.1327886191433567,3.2
small,importance,Importance 25%,71,1600,36.65454670899999,3.093816103583625,3.2
small,importance,Importance 25%,71,1700,38.88696804200299,3.0619214372799117,3.2
small,importance,Importance 25%,71,1800,41.10971354200228,3.030659978849928,3.2
small,importance,Importance 25%,71,1900,43.3718560840025,3.018954490292446,3.2
small,importance,Importance 25%,71,2000,45.61501124999995,3.0044442226733676,3.2
small,adaptive,Cotangent adaptive,71,100,2.766571791999013,3.6879711136090187,3.2
small,adaptive,Cotangent adaptive,71,200,4.7695466250006575,3.623407074401865,3.2
small,adaptive,Cotangent adaptive,71,300,6.8786086670006625,3.6025218989909655,3.2
small,adaptive,Cotangent adaptive,71,400,8.863329416999477,3.5711741805126582,3.2
small,adaptive,Cotangent adaptive,71,500,10.917795000001206,3.546211952133658,3.2
small,adaptive,Cotangent adaptive,71,600,12.944367459000205,3.5162771571235147,3.2
small,adaptive,Cotangent adaptive,71,700,14.976103875000263,3.4618490444319483,3.2
small,adaptive,Cotangent adaptive,71,800,17.00355375000072,3.364302602398952,3.2
small,adaptive,Cotangent adaptive,71,900,18.999069875000714,3.158388053992719,3.2
small,adaptive,Cotangent adaptive,71,1000,20.994692917000066,3.038354461151699,3.2
small,adaptive,Cotangent adaptive,71,1100,22.96692299999995,2.951349152883097,3.2
small,adaptive,Cotangent adaptive,71,1200,24.95669616699888,2.8804919137666554,3.2
small,adaptive,Cotangent adaptive,71,1300,26.915521874998376,2.8086477790805264,3.2
small,adaptive,Cotangent adaptive,71,1400,28.85791416700158,2.757590945553583,3.2
small,adaptive,Cotangent adaptive,71,1500,30.801390959000855,2.7080777960540368,3.2
small,adaptive,Cotangent adaptive,71,1600,32.77289487500093,2.664796851741758,3.2
small,adaptive,Cotangent adaptive,71,1700,34.780300041999,2.633662112278713,3.2
small,adaptive,Cotangent adaptive,71,1800,36.70401712500097,2.60056404037125,3.2
small,adaptive,Cotangent adaptive,71,1900,38.696238249998714,2.5812614116923855,3.2
small,adaptive,Cotangent adaptive,71,2000,40.63525929200114,2.5644746527194986,3.2
medium,native,Native exact,11,100,7.059068792001199,3.7007204992360334,3.2
medium,native,Native exact,11,200,13.230237374998978,3.6273926111018753,3.2
medium,native,Native exact,11,300,19.413917999998375,3.589440565349954,3.2
medium,native,Native exact,11,400,25.594380999998975,3.5438585845349144,3.2
medium,native,Native exact,11,500,31.761417541998526,3.431457947202319,3.2
medium,native,Native exact,11,600,37.93979587500144,3.2356932559063933,3.2
medium,native,Native exact,11,700,44.135023082999396,3.1214536618327005,3.2
medium,native,Native exact,11,800,50.31478270799926,3.0607873514333757,3.2
medium,native,Native exact,11,900,56.5175890419996,3.008746605160846,3.2
medium,native,Native exact,11,1000,62.74719141699825,2.9414107323186514,3.2
medium,native,Native exact,11,1100,68.91907004200039,2.8816027335852046,3.2
medium,native,Native exact,11,1200,75.06921287500154,2.8417828487557566,3.2
medium,native,Native exact,11,1300,81.22975362500074,2.789117762464932,3.2
medium,native,Native exact,11,1400,87.3913970829999,2.7573486757430956,3.2
medium,native,Native exact,11,1500,93.56447212499916,2.7391411304702262,3.2
medium,adaptive,Cotangent adaptive,11,100,7.902285957999993,3.7266612766516958,3.2
medium,adaptive,Cotangent adaptive,11,200,14.714808624998113,3.6306321623048525,3.2
medium,adaptive,Cotangent adaptive,11,300,21.349861124999734,3.599394201004543,3.2
medium,adaptive,Cotangent adaptive,11,400,27.817186582997238,3.5579554112357763,3.2
medium,adaptive,Cotangent adaptive,11,500,34.285617041998194,3.46002558762726,3.2
medium,adaptive,Cotangent adaptive,11,600,40.618716541997856,3.225318327250685,3.2
medium,adaptive,Cotangent adaptive,11,700,47.05418179199842,3.1248216948247878,3.2
medium,adaptive,Cotangent adaptive,11,800,53.489404957999795,3.072769318225493,3.2
medium,adaptive,Cotangent adaptive,11,900,59.95539670799917,3.0045586233829384,3.2
medium,adaptive,Cotangent adaptive,11,1000,66.57487316699917,2.904831930412665,3.2
medium,adaptive,Cotangent adaptive,11,1100,72.97327233299802,2.8349793548235276,3.2
medium,adaptive,Cotangent adaptive,11,1200,79.46080354199876,2.770596870176649,3.2
medium,adaptive,Cotangent adaptive,11,1300,85.91253249999863,2.7208848549881264,3.2
medium,adaptive,Cotangent adaptive,11,1400,92.36983299999702,2.6838386579816733,3.2
medium,adaptive,Cotangent adaptive,11,1500,98.71831849999944,2.6644098639050275,3.2
medium,adaptive,Cotangent adaptive,23,100,8.030568624999432,3.732857972796018,3.2
medium,adaptive,Cotangent adaptive,23,200,15.107519790999504,3.632090478443928,3.2
medium,adaptive,Cotangent adaptive,23,300,21.889895999996952,3.6123112482183175,3.2
medium,adaptive,Cotangent adaptive,23,400,28.464187957997638,3.5835738501680594,3.2
medium,adaptive,Cotangent adaptive,23,500,34.98839066599976,3.5521908752463256,3.2
medium,adaptive,Cotangent adaptive,23,600,41.50665208299688,3.481350479680753,3.2
medium,adaptive,Cotangent adaptive,23,700,47.8175382499976,3.252616907694909,3.2
medium,adaptive,Cotangent adaptive,23,800,54.149816165998345,3.1479310573658017,3.2
medium,adaptive,Cotangent adaptive,23,900,60.4151529999981,3.085929935868552,3.2
medium,adaptive,Cotangent adaptive,23,1000,66.67647104099888,3.0209390249730412,3.2
medium,adaptive,Cotangent adaptive,23,1100,72.92606483299824,2.9502657159272396,3.2
medium,adaptive,Cotangent adaptive,23,1200,79.15002912499767,2.8910076962134204,3.2
medium,adaptive,Cotangent adaptive,23,1300,85.3718228329999,2.837161024617674,3.2
medium,adaptive,Cotangent adaptive,23,1400,91.60824512499676,2.800913052838454,3.2
medium,adaptive,Cotangent adaptive,23,1500,97.85874329099897,2.778899214408978,3.2
medium,native,Native exact,23,100,7.09423491599955,3.7123641761539043,3.2
medium,native,Native exact,23,200,13.240255000000616,3.6308436364719197,3.2
medium,native,Native exact,23,300,19.395949500001734,3.5918212351945225,3.2
medium,native,Native exact,23,400,25.533943333000934,3.560397339150799,3.2
medium,native,Native exact,23,500,31.671075958001893,3.4518455983021035,3.2
medium,native,Native exact,23,600,37.80833891600196,3.255533443232819,3.2
medium,native,Native exact,23,700,44.155279291000625,3.126084907395375,3.2
medium,native,Native exact,23,800,50.523335583002336,3.0691664106769054,3.2
medium,native,Native exact,23,900,57.30527679100123,3.006271925299749,3.2
medium,native,Native exact,23,1000,63.59745112500241,2.9389796339361753,3.2
medium,native,Native exact,23,1100,69.94733641600033,2.8932368708404104,3.2
medium,native,Native exact,23,1200,76.26752100000158,2.8427721252102667,3.2
medium,native,Native exact,23,1300,82.60311125000226,2.78950055285009,3.2
medium,native,Native exact,23,1400,88.90233891599928,2.7561457108448884,3.2
medium,native,Native exact,23,1500,95.35815000000002,2.730679825898379,3.2
medium,native,Native exact,37,100,7.212351583002601,3.7090741802896456,3.2
medium,native,Native exact,37,200,13.42471441700036,3.63495464526465,3.2
medium,native,Native exact,37,300,19.604439708000427,3.605174398164138,3.2
medium,native,Native exact,37,400,25.857493041999987,3.5622611796316934,3.2
medium,native,Native exact,37,500,32.074950750000426,3.474325816059514,3.2
medium,native,Native exact,37,600,38.270593249999365,3.2402253964665086,3.2
medium,native,Native exact,37,700,44.447034291999444,3.1200103619288284,3.2
medium,native,Native exact,37,800,50.611677125001734,3.0784279827699645,3.2
medium,native,Native exact,37,900,56.86444529200162,3.035349488910041,3.2
medium,native,Native exact,37,1000,63.0429815000025,2.995599031326963,3.2
medium,native,Native exact,37,1100,69.23514237500058,2.9506095629908926,3.2
medium,native,Native exact,37,1200,75.4182878749998,2.9138405214007626,3.2
medium,native,Native exact,37,1300,81.57906429200011,2.8736976853997414,3.2
medium,native,Native exact,37,1400,87.73885104200235,2.8314649538466403,3.2
medium,native,Native exact,37,1500,93.89825920799922,2.8049621102556688,3.2
medium,adaptive,Cotangent adaptive,37,100,8.059916499998508,3.726355792468101,3.2
medium,adaptive,Cotangent adaptive,37,200,14.739615624999715,3.6380828806968566,3.2
medium,adaptive,Cotangent adaptive,37,300,21.246577041998535,3.614010178834866,3.2
medium,adaptive,Cotangent adaptive,37,400,27.629948958001478,3.5733228457612127,3.2
medium,adaptive,Cotangent adaptive,37,500,34.28295279200029,3.5021508139001982,3.2
medium,adaptive,Cotangent adaptive,37,600,40.7499227920016,3.271924647483179,3.2
medium,adaptive,Cotangent adaptive,37,700,47.32558370799961,3.1618830639257216,3.2
medium,adaptive,Cotangent adaptive,37,800,53.64484879199881,3.115953484675457,3.2
medium,adaptive,Cotangent adaptive,37,900,59.92480725000132,3.065055681355983,3.2
medium,adaptive,Cotangent adaptive,37,1000,66.31336770800044,3.0298003880630846,3.2
medium,adaptive,Cotangent adaptive,37,1100,72.60861687500073,2.977984879944149,3.2
medium,adaptive,Cotangent adaptive,37,1200,78.84480770799928,2.9222903945007856,3.2
medium,adaptive,Cotangent adaptive,37,1300,85.09975983299955,2.869081697922873,3.2
medium,adaptive,Cotangent adaptive,37,1400,91.34681208300026,2.828800851218992,3.2
medium,adaptive,Cotangent adaptive,37,1500,97.56083341699923,2.8018703566432768,3.2
