group,mode,method,seed,parameters,steps,tokens,training_seconds,total_elapsed_seconds,target_seconds,target_step,target_reached,censor_seconds,test_bpb,validation_bpb,logged_sample_fraction,peak_rss_mib,peak_driver_mib,peak_swap_mib
small,importance,Importance 25%,11,3346944,2000,4096000,42.501913490017614,47.15507612500005,35.970401417001995,1600,True,44.78341570900011,3.0696597116383404,3.0529399896406755,0.25,455.21875,253.890625,0.0
small,adaptive,Cotangent adaptive,11,3346944,2000,4096000,37.7848163609342,42.54676487500183,16.867714583000634,800,True,40.123587333000614,2.564272987398058,2.5332867852495218,0.9196364369558457,561.9375,269.90625,0.0
small,exact_custom,Custom exact,11,3346944,2000,4096000,36.241382597021584,40.88494620900019,15.633992916998977,800,True,38.47846320900135,2.548550478446857,2.521636992447483,1.0,453.03125,252.90625,0.0
small,uniform,Uniform 25%,11,3346944,2000,4096000,37.950942556155496,42.60552112500227,,,False,40.200250875001075,3.2841525404759273,3.2729933068113795,0.25,454.234375,252.90625,0.0
small,wht,Hadamard 25%,11,3346944,2000,4096000,39.19538671808186,43.9358187910002,,,False,41.511825957997644,3.5399797742082666,3.5313445457943233,0.25,455.140625,252.90625,0.0
small,native,Native exact,11,3346944,2000,4096000,37.04007959500814,42.1486718749984,16.15139895899847,800,True,39.57991687499816,2.5568335331487493,2.5283260029406263,1.0,453.875,252.90625,0.0
small,importance,Importance 25%,23,3346944,2000,4096000,45.901003901974036,51.117718417001015,46.35363191700162,1900,True,48.62041958300324,3.1795384898979804,3.1639605775337127,0.25,455.21875,253.890625,0.0
small,native,Native exact,23,3346944,2000,4096000,43.294924953963346,49.510024375002104,21.33281754100244,1000,True,46.15065291600331,2.62251886136586,2.5996333269033207,1.0,453.40625,252.90625,0.0
small,wht,Hadamard 25%,23,3346944,2000,4096000,50.54188161093771,56.82763375000286,,,False,53.565258542002994,3.5462960212113805,3.538143761210499,0.25,455.46875,252.90625,0.0
small,uniform,Uniform 25%,23,3346944,2000,4096000,42.07785600900388,47.497508249998646,,,False,44.87259408399768,3.3119384610275233,3.3018365702861976,0.25,455.15625,252.90625,0.0
small,exact_custom,Custom exact,23,3346944,2000,4096000,36.63379658793565,41.31208570799936,17.82182370800001,900,True,38.9154356250001,2.603224125972273,2.5797466506992395,1.0,454.1875,252.90625,0.0
small,adaptive,Cotangent adaptive,23,3346944,2000,4096000,37.78778043093189,42.48629320799955,20.745809708001616,1000,True,40.087286291000055,2.626524345979115,2.6030803744950264,0.9140116373697916,563.671875,269.90625,0.0
small,exact_custom,Custom exact,37,3346944,2000,4096000,36.14406359995337,40.85766345899901,17.660948666998593,900,True,38.42000770899904,2.5372770583191926,2.5107596104809318,1.0,453.53125,252.90625,0.0
small,wht,Hadamard 25%,37,3346944,2000,4096000,39.10422437792295,43.86123704199781,,,False,41.48857133399724,3.5371301419040826,3.5299221545576813,0.25,455.578125,252.90625,0.0
small,importance,Importance 25%,37,3346944,2000,4096000,42.754300215030526,47.42335937499956,38.334610624999186,1700,True,45.016687625000486,3.124963548155052,3.1110186517138514,0.25,455.125,253.890625,0.0
small,native,Native exact,37,3346944,2000,4096000,35.79260045217234,40.47486341699914,17.446267625000473,900,True,38.08035274999929,2.541354611821344,2.5187083437083286,1.0,453.578125,252.90625,0.0
small,adaptive,Cotangent adaptive,37,3346944,2000,4096000,38.463269338993996,43.29976266700032,19.326543250001123,900,True,40.894294500001706,2.581076236836241,2.5554763520931587,0.8877006265061411,600.640625,269.90625,0.0
small,uniform,Uniform 25%,37,3346944,2000,4096000,38.143969482011016,42.79348541700165,,,False,40.41885700000057,3.272379706859685,3.2616172685485108,0.25,454.9375,252.90625,0.0
small,wht,Hadamard 25%,53,3346944,2000,4096000,39.19383239401577,44.096397958001035,,,False,41.65651691599851,3.540448303948376,3.5328444779311408,0.25,455.765625,252.90625,0.0
small,importance,Importance 25%,53,3346944,2000,4096000,43.639646883948444,49.02252895899801,,,False,46.11371337499804,3.2463247866067966,3.2340964022690057,0.25,454.828125,253.890625,0.0
small,uniform,Uniform 25%,53,3346944,2000,4096000,39.101106175039604,44.000158874998306,41.59894558399901,2000,True,41.59894558399901,3.1977397382227455,3.183007958365409,0.25,453.359375,252.90625,0.0
small,exact_custom,Custom exact,53,3346944,2000,4096000,36.831944034038315,41.646559290998994,16.16292308300035,800,True,39.23456412499945,2.5208035160658055,2.493055788776668,1.0,453.90625,252.90625,0.0
small,native,Native exact,53,3346944,2000,4096000,36.19438102191634,41.06440762499915,15.740915207999933,800,True,38.60862441599966,2.5290708730213303,2.504171489675026,1.0,453.546875,252.90625,0.0
small,adaptive,Cotangent adaptive,53,3346944,2000,4096000,38.448514602107025,43.225389582999924,16.90289712500089,800,True,40.7632752080026,2.5246937972141454,2.4992144361932795,0.9028031837880908,595.234375,301.890625,0.0
small,native,Native exact,71,3346944,2000,4096000,36.258807054964564,41.06851466599983,17.88871987499806,900,True,38.68580245799967,2.593735422855189,2.5689093710319355,1.0,453.375,252.90625,0.0
small,uniform,Uniform 25%,71,3346944,2000,4096000,38.23673668501942,43.09886129200095,,,False,40.63995412500299,3.2872843125564684,3.275907268067719,0.25,455.53125,252.90625,0.0
small,exact_custom,Custom exact,71,3346944,2000,4096000,36.65228002898948,41.522377332999895,16.05745370799923,800,True,39.05932370799928,2.56070321076508,2.535714818474742,1.0,454.3125,252.90625,0.0
small,wht,Hadamard 25%,71,3346944,2000,4096000,39.21941939100361,44.079392625000764,,,False,41.67320533300153,3.5389281242440727,3.5304470023160532,0.25,458.65625,252.90625,0.0
small,importance,Importance 25%,71,3346944,2000,4096000,43.31125394193077,48.0159400420016,32.15128262500002,1400,True,45.61501124999995,3.021615669868677,3.0045159088202764,0.25,455.640625,253.890625,0.0
small,adaptive,Cotangent adaptive,71,3346944,2000,4096000,38.31159781496899,43.161215791998984,18.999069875000714,900,True,40.63525929200114,2.591461488021705,2.565064457516182,0.9127759031988495,572.15625,269.90625,0.0
medium,native,Native exact,11,19280896,1500,3072000,89.58471790996191,100.6128897080016,44.135023082999396,700,True,93.56447212499916,2.7572871094222604,2.736394344416028,1.0,517.8125,1222.9375,0.0
medium,adaptive,Cotangent adaptive,11,19280896,1500,3072000,94.42273231006766,106.2885424169981,47.05418179199842,700,True,98.71831849999944,2.6841465378326914,2.661457137820048,0.932720664321192,535.078125,1239.921875,0.0
medium,adaptive,Cotangent adaptive,23,19280896,1500,3072000,93.60602987591847,104.70959320799739,54.149816165998345,800,True,97.85874329099897,2.7851266111438937,2.7633097853060526,0.9229061303549255,641.765625,1239.921875,0.0
medium,native,Native exact,23,19280896,1500,3072000,91.06459044706935,103.00153275000048,44.155279291000625,700,True,95.35815000000002,2.74223260103841,2.7200581075587196,1.0,522.4375,1222.9375,0.0
medium,native,Native exact,37,19280896,1500,3072000,89.78940210602741,100.82163612500153,44.447034291999444,700,True,93.89825920799922,2.822343716412124,2.799083961018066,1.0,522.25,1222.9375,0.0
medium,adaptive,Cotangent adaptive,37,19280896,1500,3072000,93.3859046939906,104.46450116699998,47.32558370799961,700,True,97.56083341699923,2.816095379389241,2.793861423391368,0.9167344385951297,652.578125,1239.921875,0.0
