size,arm,method,seed,step,validation_bpb,validation_tokens,training_seconds,elapsed_seconds
medium,incidence-packed-flatnorm,Cotangent deterministic + packed,409,100,3.702701535144575,65536,4.742145207008434,5.870206292001967
medium,incidence-packed-flatnorm,Cotangent deterministic + packed,409,200,3.628749919680316,65536,9.46830587900331,10.780500291999488
medium,incidence-packed-flatnorm,Cotangent deterministic + packed,409,300,3.603985965799929,65536,14.195421917989734,15.691569292001077
medium,incidence-packed-flatnorm,Cotangent deterministic + packed,409,400,3.5369662723124304,65536,18.920938589995785,20.601841167001112
medium,incidence-packed-flatnorm,Cotangent deterministic + packed,409,500,3.2807683286069307,65536,23.661053334006283,25.52487354200275
medium,incidence-packed-flatnorm,Cotangent deterministic + packed,409,600,3.1488914192371356,65536,28.38452538198908,30.43349137500263
medium,incidence-packed-flatnorm,Cotangent deterministic + packed,409,700,3.1029790812476197,65536,33.12090770798022,35.353538041999855
medium,incidence-packed-flatnorm,Cotangent deterministic + packed,409,800,3.034929743752779,65536,37.85681612199187,40.27342024999962
medium,incidence-packed-flatnorm,Cotangent deterministic + packed,409,900,3.010140782520065,65536,42.591655996988266,45.1926251670011
medium,incidence-packed-flatnorm,Cotangent deterministic + packed,409,1000,2.980643495250343,65536,47.32716654000251,50.11336800000208
medium,incidence-packed-flatnorm,Cotangent deterministic + packed,409,1100,2.947581996528477,65536,52.07525871301914,55.04667141699974
medium,incidence-packed-flatnorm,Cotangent deterministic + packed,409,1200,2.907971484453081,65536,56.81219450301069,59.969105500000296
medium,incidence-packed-flatnorm,Cotangent deterministic + packed,409,1300,2.87696330272324,65536,61.55198633102191,64.89367741699971
medium,incidence-packed-flatnorm,Cotangent deterministic + packed,409,1400,2.8550647947845413,65536,66.27618124501896,69.8032653750015
medium,incidence-packed-flatnorm,Cotangent deterministic + packed,409,1500,2.824680786464802,65536,71.016720281983,74.72783941700254
medium,native-fused,Native fused AdamW,409,100,3.699854029143155,65536,5.64919441600432,6.848720665999281
medium,native-fused,Native fused AdamW,409,200,3.619544612786378,65536,11.323025001027418,12.708783250000124
medium,native-fused,Native fused AdamW,409,300,3.6003590774204617,65536,16.980799410015607,18.552455165998254
medium,native-fused,Native fused AdamW,409,400,3.5373221151659813,65536,22.6382865340056,24.39465716599807
medium,native-fused,Native fused AdamW,409,500,3.3723569154019906,65536,28.29416711500744,30.23640129100022
medium,native-fused,Native fused AdamW,409,600,3.178946000163605,65536,33.930066738023015,36.05626316599955
medium,native-fused,Native fused AdamW,409,700,3.1105830684282894,65536,39.586343703027524,41.89797554100005
medium,native-fused,Native fused AdamW,409,800,3.0315211604762924,65536,45.220314447007695,47.71797824999885
medium,native-fused,Native fused AdamW,409,900,3.0053225165734925,65536,50.87523145000887,53.558128083001066
medium,native-fused,Native fused AdamW,409,1000,2.962779651930765,65536,56.52319462099331,59.391726333000406
medium,native-fused,Native fused AdamW,409,1100,2.906459095893683,65536,62.177550702981534,65.2320069999987
medium,native-fused,Native fused AdamW,409,1200,2.847418849211519,65536,67.8391804050043,71.08377658300014
medium,native-fused,Native fused AdamW,409,1300,2.8005544206412845,65536,73.49135507299798,76.92602887500107
medium,native-fused,Native fused AdamW,409,1400,2.770101452653007,65536,79.16390945199237,82.78350491599849
medium,native-fused,Native fused AdamW,409,1500,2.7311897813304764,65536,84.80996895298085,88.61606754099921
small,native-fused,Native fused AdamW,389,100,3.6983472676411147,65536,1.6468220020069566,2.4773195830020995
small,native-fused,Native fused AdamW,389,200,3.615930945573196,65536,3.298582377989078,4.194860999999946
small,native-fused,Native fused AdamW,389,300,3.588040164368557,65536,4.9522410899808165,5.913551833000383
small,native-fused,Native fused AdamW,389,400,3.5675121216810894,65536,6.587143754975841,7.612828332999925
small,native-fused,Native fused AdamW,389,500,3.5303498525086776,65536,8.229840503980085,9.319865333000052
small,native-fused,Native fused AdamW,389,600,3.5078515980707574,65536,9.863713172955613,11.018529291002778
small,native-fused,Native fused AdamW,389,700,3.443019878616451,65536,11.506679416957923,12.726350583001476
small,native-fused,Native fused AdamW,389,800,3.3297935848238103,65536,13.141594832955889,14.425758291003149
small,native-fused,Native fused AdamW,389,900,3.1240964762328463,65536,14.786958620959922,16.135952125001495
small,native-fused,Native fused AdamW,389,1000,3.027381994898941,65536,16.444066044950887,17.85785158300132
small,native-fused,Native fused AdamW,389,1100,2.95646520141518,65536,18.09683629099527,19.576570666002226
small,native-fused,Native fused AdamW,389,1200,2.880827269186922,65536,19.753679795998323,21.298357583000325
small,native-fused,Native fused AdamW,389,1300,2.829298945222638,65536,21.450159381009144,23.098793832999945
small,native-fused,Native fused AdamW,389,1400,2.7757918533710204,65536,23.13856879300147,24.852808791001735
small,native-fused,Native fused AdamW,389,1500,2.7125433900771836,65536,24.79932566700154,26.57870829100284
small,native-fused,Native fused AdamW,389,1600,2.684195554228961,65536,26.462451629991847,28.307967750002717
small,native-fused,Native fused AdamW,389,1700,2.64355207135682,65536,28.11728479998419,30.028166458003398
small,native-fused,Native fused AdamW,389,1800,2.612504215379208,65536,29.777840255996125,31.7537997080035
small,native-fused,Native fused AdamW,389,1900,2.594550366014193,65536,31.442778335000185,33.48461495800075
small,native-fused,Native fused AdamW,389,2000,2.5832914411585914,65536,33.1013528359872,35.20854850000251
small,incidence-fused,Deterministic embedding control,389,100,3.697797718578114,65536,1.6761032110116503,2.333023167000647
small,incidence-fused,Deterministic embedding control,389,200,3.6156649959014677,65536,3.3484658740308078,4.071438082999521
small,incidence-fused,Deterministic embedding control,389,300,3.586729893045127,65536,5.0277282560455205,5.818115666999802
small,incidence-fused,Deterministic embedding control,389,400,3.5722838770695193,65536,6.705175754043012,7.561332875000517
small,incidence-fused,Deterministic embedding control,389,500,3.5326432089111863,65536,8.389030381073098,9.311183541998616
small,incidence-fused,Deterministic embedding control,389,600,3.509422702582052,65536,10.064652504082915,11.051820166998368
small,incidence-fused,Deterministic embedding control,389,700,3.449326428679012,65536,11.73294104309025,12.785068541998044
small,incidence-fused,Deterministic embedding control,389,800,3.319707866493359,65536,13.418165335093363,14.536064791998797
small,incidence-fused,Deterministic embedding control,389,900,3.1221865229036894,65536,15.150722585090989,16.335194208000757
small,incidence-fused,Deterministic embedding control,389,1000,3.0249226591149765,65536,16.95218833409308,18.208548374997918
small,incidence-fused,Deterministic embedding control,389,1100,2.956301710407704,65536,18.759825078079302,20.083023874998617
small,incidence-fused,Deterministic embedding control,389,1200,2.8799232800038665,65536,20.456325206087058,21.845988500001113
small,incidence-fused,Deterministic embedding control,389,1300,2.819468841481489,65536,22.170335581089603,23.62548408300063
small,incidence-fused,Deterministic embedding control,389,1400,2.764821413288868,65536,23.92126112609185,25.442868707999878
small,incidence-fused,Deterministic embedding control,389,1500,2.7113099358796533,65536,25.657800590113766,27.245284042001003
small,incidence-fused,Deterministic embedding control,389,1600,2.685288272873507,65536,27.4174279730978,29.073434792000626
small,incidence-fused,Deterministic embedding control,389,1700,2.6428600722887845,65536,29.205643519086152,30.94309562499984
small,incidence-fused,Deterministic embedding control,389,1800,2.611977136924434,65536,31.394884771085344,33.21567437499834
small,incidence-fused,Deterministic embedding control,389,1900,2.5958119931197174,65536,33.642981728062296,35.54911158300092
small,incidence-fused,Deterministic embedding control,389,2000,2.5780835700143205,65536,35.604532313049276,37.582085666999774
small,incidence-packed-flatnorm,Cotangent deterministic + packed,389,100,3.6983784179987524,65536,1.5068412099972193,2.3600144580013875
small,incidence-packed-flatnorm,Cotangent deterministic + packed,389,200,3.615722642336254,65536,3.279558709014964,4.220644666002045
small,incidence-packed-flatnorm,Cotangent deterministic + packed,389,300,3.5876411001250608,65536,5.511571045019082,6.545796499998687
small,incidence-packed-flatnorm,Cotangent deterministic + packed,389,400,3.5692479533251635,65536,7.431238374017994,8.548521290998906
small,incidence-packed-flatnorm,Cotangent deterministic + packed,389,500,3.529326007541344,65536,9.213327913021203,10.409120000000257
small,incidence-packed-flatnorm,Cotangent deterministic + packed,389,600,3.5115355739413956,65536,10.987988411019614,12.267409166001016
small,incidence-packed-flatnorm,Cotangent deterministic + packed,389,700,3.452269911748529,65536,12.935975082022196,14.317080541000905
small,incidence-packed-flatnorm,Cotangent deterministic + packed,389,800,3.334809566325381,65536,14.9138876640136,16.381541250000737
small,incidence-packed-flatnorm,Cotangent deterministic + packed,389,900,3.1262573737474435,65536,16.785225205017923,18.335792916001083
small,incidence-packed-flatnorm,Cotangent deterministic + packed,389,1000,3.0412316395348507,65536,18.6484902460179,20.284699791001913
small,incidence-packed-flatnorm,Cotangent deterministic + packed,389,1100,2.962798204559227,65536,20.582452867030952,22.310708875000273
small,incidence-packed-flatnorm,Cotangent deterministic + packed,389,1200,2.8878396414230814,65536,22.822463529031666,24.65926762500021
small,incidence-packed-flatnorm,Cotangent deterministic + packed,389,1300,2.825924161911504,65536,25.0275640700238,26.977918374999717
small,incidence-packed-flatnorm,Cotangent deterministic + packed,389,1400,2.776980936044628,65536,27.16788869701486,29.20758991600087
small,incidence-packed-flatnorm,Cotangent deterministic + packed,389,1500,2.7221553392001705,65536,29.06761228301184,31.191056333002052
small,incidence-packed-flatnorm,Cotangent deterministic + packed,389,1600,2.695544366891927,65536,30.92568041200866,33.132883165999374
small,incidence-packed-flatnorm,Cotangent deterministic + packed,389,1700,2.651823732809344,65536,32.83766361800008,35.131795916000556
small,incidence-packed-flatnorm,Cotangent deterministic + packed,389,1800,2.619673650771268,65536,34.76760541001204,37.148009915999864
small,incidence-packed-flatnorm,Cotangent deterministic + packed,389,1900,2.604169140698636,65536,36.70971453601669,39.17753974999869
small,incidence-packed-flatnorm,Cotangent deterministic + packed,389,2000,2.590462537258124,65536,38.6777748710374,41.23552179100079
medium,native-fused,Native fused AdamW,419,100,3.680626110802717,65536,6.983875121997698,8.544385834000423
medium,native-fused,Native fused AdamW,419,200,3.6543796772208084,65536,14.218473209999502,15.995176833999722
medium,native-fused,Native fused AdamW,419,300,3.59787299295983,65536,21.457021586997143,23.49585466699864
medium,native-fused,Native fused AdamW,419,400,3.484907930064934,65536,28.460650340977736,30.739757084000303
medium,native-fused,Native fused AdamW,419,500,3.240994126669118,65536,35.42115767699579,37.930850166998425
medium,native-fused,Native fused AdamW,419,600,3.124447804541812,65536,42.161333258995,44.87942862499767
medium,native-fused,Native fused AdamW,419,700,3.0843670220310053,65536,48.89441621397782,51.82397754200065
medium,native-fused,Native fused AdamW,419,800,3.0474079234882985,65536,55.23145342197313,58.36575479199746
medium,native-fused,Native fused AdamW,419,900,3.0124796820783053,65536,61.48245384296388,64.82289004199993
medium,native-fused,Native fused AdamW,419,1000,2.9775012324831756,65536,67.87715054800356,71.44548654199752
medium,native-fused,Native fused AdamW,419,1100,2.900771398527963,65536,74.24436271400918,78.01502149999942
medium,native-fused,Native fused AdamW,419,1200,2.8456021534747924,65536,80.46318484600124,84.4347569169986
medium,native-fused,Native fused AdamW,419,1300,2.795647497638192,65536,86.4372836009752,90.60759574999975
medium,native-fused,Native fused AdamW,419,1400,2.7519348499999587,65536,92.31225839797844,96.67538895899997
medium,native-fused,Native fused AdamW,419,1500,2.716385896330712,65536,98.13923389699994,102.69738554200012
medium,incidence-packed-flatnorm,Cotangent deterministic + packed,419,100,3.678998209020975,65536,4.698063000996626,5.881977791999816
medium,incidence-packed-flatnorm,Cotangent deterministic + packed,419,200,3.63767050929575,65536,9.64609137199659,11.026669958002458
medium,incidence-packed-flatnorm,Cotangent deterministic + packed,419,300,3.5958289146608315,65536,14.619155293992662,16.19438812500084
medium,incidence-packed-flatnorm,Cotangent deterministic + packed,419,400,3.4454525087194114,65536,19.586679585961974,21.356770750000578
medium,incidence-packed-flatnorm,Cotangent deterministic + packed,419,500,3.2171538808576,65536,24.558757332972164,26.52543354199952
medium,incidence-packed-flatnorm,Cotangent deterministic + packed,419,600,3.1238902367877146,65536,29.55378175097576,31.71855591699932
medium,incidence-packed-flatnorm,Cotangent deterministic + packed,419,700,3.075796427858992,65536,34.55718821397386,36.91705600000205
medium,incidence-packed-flatnorm,Cotangent deterministic + packed,419,800,3.042371476051275,65536,39.491200627966464,42.045151875001466
medium,incidence-packed-flatnorm,Cotangent deterministic + packed,419,900,3.0073949182653053,65536,44.4065835479596,47.15501333300199
medium,incidence-packed-flatnorm,Cotangent deterministic + packed,419,1000,2.974866737743765,65536,49.32055680297708,52.26374412500081
medium,incidence-packed-flatnorm,Cotangent deterministic + packed,419,1100,2.921680307544681,65536,54.24555106099433,57.384153582999716
medium,incidence-packed-flatnorm,Cotangent deterministic + packed,419,1200,2.8789247648563308,65536,59.21412809497633,62.54802562500117
medium,incidence-packed-flatnorm,Cotangent deterministic + packed,419,1300,2.838699946875426,65536,64.23392930096088,67.76345520800169
medium,incidence-packed-flatnorm,Cotangent deterministic + packed,419,1400,2.805395581778253,65536,69.20190692096367,72.92717962499955
medium,incidence-packed-flatnorm,Cotangent deterministic + packed,419,1500,2.7776876020081076,65536,74.13726938395484,78.05674420800278
small,native-fused,Native fused AdamW,331,100,3.691696472805021,65536,1.6738524149986915,2.374864790999709
small,native-fused,Native fused AdamW,331,200,3.6414599965226926,65536,3.3403450879995944,4.106909500002075
small,native-fused,Native fused AdamW,331,300,3.60087771260197,65536,5.008679380007379,5.8399420410023595
small,native-fused,Native fused AdamW,331,400,3.5549417269979604,65536,6.670855839012802,7.566897000000608
small,native-fused,Native fused AdamW,331,500,3.52962390299047,65536,8.34044970900868,9.301273290999234
small,native-fused,Native fused AdamW,331,600,3.484896955422026,65536,10.001205783984915,11.026685583001381
small,native-fused,Native fused AdamW,331,700,3.4098056861729087,65536,11.675964820959052,12.766666833002091
small,native-fused,Native fused AdamW,331,800,3.2646333785063564,65536,13.344751234955766,14.500460540999484
small,native-fused,Native fused AdamW,331,900,3.1184746428479486,65536,15.011321240970574,16.232328791000327
small,native-fused,Native fused AdamW,331,1000,3.0082569974261286,65536,16.681590118965687,17.96759537500111
small,native-fused,Native fused AdamW,331,1100,2.9385077242911235,65536,18.381950491959287,19.73353599999973
small,native-fused,Native fused AdamW,331,1200,2.867688133251847,65536,20.066850912946393,21.48355262500263
small,native-fused,Native fused AdamW,331,1300,2.8083538016111658,65536,21.736619750965474,23.21873320799932
small,native-fused,Native fused AdamW,331,1400,2.7535845559571555,65536,23.404132085976016,24.950090791000548
small,native-fused,Native fused AdamW,331,1500,2.7159187323319327,65536,25.06783216597978,26.678349791000073
small,native-fused,Native fused AdamW,331,1600,2.6802513309863625,65536,26.805929372960236,28.48127037499944
small,native-fused,Native fused AdamW,331,1700,2.6511035447099407,65536,28.479993251999986,30.220325416001288
small,native-fused,Native fused AdamW,331,1800,2.6191847954606486,65536,30.13467058200331,31.939350083001045
small,native-fused,Native fused AdamW,331,1900,2.597782962668726,65536,31.789728042014758,33.659252290999575
small,native-fused,Native fused AdamW,331,2000,2.5766563773605937,65536,33.4376972919963,35.3716703329992
small,incidence-fused,Deterministic embedding control,331,100,3.6918383369941514,65536,1.664831784004491,2.3124104589987837
small,incidence-fused,Deterministic embedding control,331,200,3.6412708586024065,65536,3.3312317859854375,4.043875209001271
small,incidence-fused,Deterministic embedding control,331,300,3.6018035812028897,65536,4.996116455986339,5.773306458999286
small,incidence-fused,Deterministic embedding control,331,400,3.5481743601713283,65536,6.660441992964479,7.5034397919989715
small,incidence-fused,Deterministic embedding control,331,500,3.525186858087366,65536,8.33111744497728,9.239184750000277
small,incidence-fused,Deterministic embedding control,331,600,3.4799435648564536,65536,9.99264785797277,10.965364291998412
small,incidence-fused,Deterministic embedding control,331,700,3.410850061569189,65536,11.660457023965137,12.698259666998638
small,incidence-fused,Deterministic embedding control,331,800,3.268838644540675,65536,13.321768144978705,14.424873208998179
small,incidence-fused,Deterministic embedding control,331,900,3.129894430601143,65536,15.005931644987868,16.174500541997986
small,incidence-fused,Deterministic embedding control,331,1000,3.0044862778059613,65536,16.696539437994943,17.93026425000062
small,incidence-fused,Deterministic embedding control,331,1100,2.9323667290278497,65536,18.420760594992316,19.720763041997998
small,incidence-fused,Deterministic embedding control,331,1200,2.8652602487951593,65536,20.113271925994923,21.47850070899949
small,incidence-fused,Deterministic embedding control,331,1300,2.8053456208181773,65536,21.815918802010856,23.24713095900006
small,incidence-fused,Deterministic embedding control,331,1400,2.7463721302768374,65536,23.512498010033596,25.00957075000042
small,incidence-fused,Deterministic embedding control,331,1500,2.712136151283314,65536,25.206592679016467,26.769377208998776
small,incidence-fused,Deterministic embedding control,331,1600,2.674156604430628,65536,26.911225309020665,28.53915454199887
small,incidence-fused,Deterministic embedding control,331,1700,2.649213734848766,65536,28.602393059009046,30.295889541997894
small,incidence-fused,Deterministic embedding control,331,1800,2.6147307833941458,65536,30.298902352009463,32.05787404199873
small,incidence-fused,Deterministic embedding control,331,1900,2.595998943635663,65536,31.99099085101625,33.81557379199876
small,incidence-fused,Deterministic embedding control,331,2000,2.5743246043334485,65536,33.68930843402268,35.57874095900115
small,incidence-packed-flatnorm,Cotangent deterministic + packed,331,100,3.6918391539117428,65536,1.4782955900045636,2.137854958000389
small,incidence-packed-flatnorm,Cotangent deterministic + packed,331,200,3.6415382486288355,65536,2.95142441698772,3.6770334579996415
small,incidence-packed-flatnorm,Cotangent deterministic + packed,331,300,3.5971655960700843,65536,4.42231712899229,5.213139332998253
small,incidence-packed-flatnorm,Cotangent deterministic + packed,331,400,3.555926961860175,65536,5.883160052006133,6.738464957998076
small,incidence-packed-flatnorm,Cotangent deterministic + packed,331,500,3.5300440996021907,65536,7.349323598024057,8.269723499997781
small,incidence-packed-flatnorm,Cotangent deterministic + packed,331,600,3.4970103599550657,65536,8.817159518046537,9.802241332999984
small,incidence-packed-flatnorm,Cotangent deterministic + packed,331,700,3.42138739559189,65536,10.28278172103819,11.332399374998204
small,incidence-packed-flatnorm,Cotangent deterministic + packed,331,800,3.2802270454600873,65536,11.755961305050732,12.870665207999991
small,incidence-packed-flatnorm,Cotangent deterministic + packed,331,900,3.1421236439517077,65536,13.225421094044577,14.404619083001307
small,incidence-packed-flatnorm,Cotangent deterministic + packed,331,1000,3.0192114162494614,65536,14.672297178040026,15.915875624999899
small,incidence-packed-flatnorm,Cotangent deterministic + packed,331,1100,2.9498149225270387,65536,16.122866305049683,17.430728749997797
small,incidence-packed-flatnorm,Cotangent deterministic + packed,331,1200,2.8748644586988576,65536,17.5800925940639,18.952332749999186
small,incidence-packed-flatnorm,Cotangent deterministic + packed,331,1300,2.8257434565155677,65536,19.03198422207788,20.468820457997936
small,incidence-packed-flatnorm,Cotangent deterministic + packed,331,1400,2.768272879364455,65536,20.480217301061202,21.98148137499811
small,incidence-packed-flatnorm,Cotangent deterministic + packed,331,1500,2.7258431148125015,65536,21.93123876404934,23.496693332999712
small,incidence-packed-flatnorm,Cotangent deterministic + packed,331,1600,2.687837184746282,65536,23.381325762049528,25.011321916997986
small,incidence-packed-flatnorm,Cotangent deterministic + packed,331,1700,2.6595546324374353,65536,24.826905261059437,26.52103716700003
small,incidence-packed-flatnorm,Cotangent deterministic + packed,331,1800,2.6293432355801256,65536,26.27400913208112,28.03285841699835
small,incidence-packed-flatnorm,Cotangent deterministic + packed,331,1900,2.6118485100249624,65536,27.724192547084385,29.548221917000774
small,incidence-packed-flatnorm,Cotangent deterministic + packed,331,2000,2.590879643556587,65536,29.167260626094503,31.05514737499834
small,native-fused,Native fused AdamW,353,100,3.6902246990235152,65536,1.6516162989937584,2.3258558329980588
small,native-fused,Native fused AdamW,353,200,3.6227701903989726,65536,3.315247712966084,4.053877374997683
small,native-fused,Native fused AdamW,353,300,3.59752040702773,65536,4.982648377015721,5.786029124999914
small,native-fused,Native fused AdamW,353,400,3.562379557440065,65536,6.650980585025536,7.519050040998991
small,native-fused,Native fused AdamW,353,500,3.516846301459798,65536,8.316087044022424,9.249127332997887
small,native-fused,Native fused AdamW,353,600,3.4770024680462175,65536,9.986513754003681,10.9843298329979
small,native-fused,Native fused AdamW,353,700,3.373563921892493,65536,11.653254250009923,12.716322624997701
small,native-fused,Native fused AdamW,353,800,3.2533048382983605,65536,13.32359509003436,14.452092707997508
small,native-fused,Native fused AdamW,353,900,3.1488854858356805,65536,14.994335877014237,16.188237374997698
small,native-fused,Native fused AdamW,353,1000,3.0588405293234397,65536,16.66768228901492,17.926287374997628
small,native-fused,Native fused AdamW,353,1100,2.99107860171048,65536,18.34655745999771,19.669275749998633
small,native-fused,Native fused AdamW,353,1200,2.888607909422317,65536,20.018578874995,21.406103915996937
small,native-fused,Native fused AdamW,353,1300,2.8366861428974373,65536,21.693021709008462,23.145391791000293
small,native-fused,Native fused AdamW,353,1400,2.7880701301472013,65536,23.363581454021187,24.880968333000055
small,native-fused,Native fused AdamW,353,1500,2.742410961368671,65536,25.03755495902078,26.62158483299936
small,native-fused,Native fused AdamW,353,1600,2.70415252314978,65536,26.704660924038762,28.35342841599777
small,native-fused,Native fused AdamW,353,1700,2.662458683109784,65536,28.379515677075688,30.0937216659986
small,native-fused,Native fused AdamW,353,1800,2.6377153563985853,65536,30.053890340081125,31.83295841599829
small,native-fused,Native fused AdamW,353,1900,2.6176549237898983,65536,31.722690222068195,33.5665705829997
small,native-fused,Native fused AdamW,353,2000,2.5993216162035857,65536,33.395787143072084,35.30421624999872
small,incidence-packed-flatnorm,Cotangent deterministic + packed,353,100,3.690224301313635,65536,1.4719729599783022,2.1406130409995967
small,incidence-packed-flatnorm,Cotangent deterministic + packed,353,200,3.6228859884675817,65536,2.9231828389820294,3.656653040998208
small,incidence-packed-flatnorm,Cotangent deterministic + packed,353,300,3.601615120464291,65536,4.372725171979255,5.170866749998822
small,incidence-packed-flatnorm,Cotangent deterministic + packed,353,400,3.5564845081164407,65536,5.81836792098693,6.681410540997604
small,incidence-packed-flatnorm,Cotangent deterministic + packed,353,500,3.5159481543124143,65536,7.2628630889630585,8.190337749998434
small,incidence-packed-flatnorm,Cotangent deterministic + packed,353,600,3.4786021754221337,65536,8.715920623955753,9.708069999996951
small,incidence-packed-flatnorm,Cotangent deterministic + packed,353,700,3.3635989031362,65536,10.155424003944063,11.211837625000044
small,incidence-packed-flatnorm,Cotangent deterministic + packed,353,800,3.248747201310255,65536,11.61879234195294,12.740340124997601
small,incidence-packed-flatnorm,Cotangent deterministic + packed,353,900,3.161634140536429,65536,13.067151175982872,14.253302082997834
small,incidence-packed-flatnorm,Cotangent deterministic + packed,353,1000,3.0724223109806306,65536,14.510864553958527,15.761592582999583
small,incidence-packed-flatnorm,Cotangent deterministic + packed,353,1100,3.0124976058951995,65536,15.957898388973263,17.273164707999968
small,incidence-packed-flatnorm,Cotangent deterministic + packed,353,1200,2.9216132558086763,65536,17.411058425990632,18.790741875000094
small,incidence-packed-flatnorm,Cotangent deterministic + packed,353,1300,2.8636798572207183,65536,18.85275762699166,20.297063124999113
small,incidence-packed-flatnorm,Cotangent deterministic + packed,353,1400,2.8135410832074537,65536,20.303467296002054,21.812337915998796
small,incidence-packed-flatnorm,Cotangent deterministic + packed,353,1500,2.765765678658972,65536,21.751938089008036,23.326259249999566
small,incidence-packed-flatnorm,Cotangent deterministic + packed,353,1600,2.731157421719825,65536,23.22193279302155,24.860807832999853
small,incidence-packed-flatnorm,Cotangent deterministic + packed,353,1700,2.6974442269892616,65536,24.6953792120039,26.399796707999485
small,incidence-packed-flatnorm,Cotangent deterministic + packed,353,1800,2.6641562647374144,65536,26.164796495988412,27.933399207999173
small,incidence-packed-flatnorm,Cotangent deterministic + packed,353,1900,2.6526311483594824,65536,27.637878914985777,29.47191570799987
small,incidence-packed-flatnorm,Cotangent deterministic + packed,353,2000,2.6315932899758216,65536,29.10621570400326,31.004834082999878
small,incidence-fused,Deterministic embedding control,353,100,3.690113630477805,65536,1.6791850030167552,2.3066890829977638
small,incidence-fused,Deterministic embedding control,353,200,3.622557093145638,65536,3.3692633760074386,4.061631749998924
small,incidence-fused,Deterministic embedding control,353,300,3.6021522437807674,65536,5.043914874015172,5.800748957997712
small,incidence-fused,Deterministic embedding control,353,400,3.559013889209427,65536,6.721345251007733,7.543058541999926
small,incidence-fused,Deterministic embedding control,353,500,3.514812982825394,65536,8.401160298984905,9.287203125000815
small,incidence-fused,Deterministic embedding control,353,600,3.4845491635063186,65536,10.079039174979698,11.030478958000458
small,incidence-fused,Deterministic embedding control,353,700,3.374285765324911,65536,11.761992754960374,12.778521042000648
small,incidence-fused,Deterministic embedding control,353,800,3.2656855791132506,65536,13.44322542095324,14.524975666998216
small,incidence-fused,Deterministic embedding control,353,900,3.163052406215685,65536,15.13375671394897,16.28079516700018
small,incidence-fused,Deterministic embedding control,353,1000,3.059422620728659,65536,16.81228896396351,18.024570666999352
small,incidence-fused,Deterministic embedding control,353,1100,2.986753023062967,65536,18.4948245059677,19.772216458000912
small,incidence-fused,Deterministic embedding control,353,1200,2.8963134738561527,65536,20.172564172964485,21.51537679199828
small,incidence-fused,Deterministic embedding control,353,1300,2.8427716146367716,65536,21.853247294980974,23.26178354199874
small,incidence-fused,Deterministic embedding control,353,1400,2.7944309729828563,65536,23.536350676979055,25.010172250000323
small,incidence-fused,Deterministic embedding control,353,1500,2.745020201530694,65536,25.22691179399044,26.76586454199787
small,incidence-fused,Deterministic embedding control,353,1600,2.7067978366728216,65536,26.900911669974448,28.50393712499863
small,incidence-fused,Deterministic embedding control,353,1700,2.669604116173133,65536,28.552751207989786,30.219685166997806
small,incidence-fused,Deterministic embedding control,353,1800,2.646551368171,65536,30.217437671009975,31.94830012500097
small,incidence-fused,Deterministic embedding control,353,1900,2.6284603895142107,65536,31.871759259014652,33.6668190829987
small,incidence-fused,Deterministic embedding control,353,2000,2.61106346834281,65536,33.527171972025826,35.38681545799773
small,native-fused,Native fused AdamW,347,100,3.6984389021472777,65536,1.6554734589917643,2.29878620800082
small,native-fused,Native fused AdamW,347,200,3.640943629362393,65536,3.3029194249866123,4.010577332999674
small,native-fused,Native fused AdamW,347,300,3.582762650999602,65536,4.957174084993312,5.728920207999181
small,native-fused,Native fused AdamW,347,400,3.5550601800487422,65536,6.602123874989047,7.43771900000138
small,native-fused,Native fused AdamW,347,500,3.526748148838646,65536,8.253065746986977,9.153752666999935
small,native-fused,Native fused AdamW,347,600,3.49769778535948,65536,9.921973408971098,10.887553749998915
small,native-fused,Native fused AdamW,347,700,3.4155884738211824,65536,11.58796445198459,12.61794029199882
small,native-fused,Native fused AdamW,347,800,3.2872400357588982,65536,13.259436038002605,14.354355833002046
small,native-fused,Native fused AdamW,347,900,3.108323248642699,65536,14.924664701004076,16.085495333001745
small,native-fused,Native fused AdamW,347,1000,3.0047312670921156,65536,16.59674520498811,17.8233590000018
small,native-fused,Native fused AdamW,347,1100,2.938666759873051,65536,18.263303121002536,19.554975499999273
small,native-fused,Native fused AdamW,347,1200,2.858455894949676,65536,19.938669251019746,21.295400250000966
small,native-fused,Native fused AdamW,347,1300,2.8074535530507667,65536,21.61026608501561,23.03234991700083
small,native-fused,Native fused AdamW,347,1400,2.754920329083033,65536,23.28636721800649,24.7733745000005
small,native-fused,Native fused AdamW,347,1500,2.715117363046864,65536,24.958570219023386,26.511082083001384
small,native-fused,Native fused AdamW,347,1600,2.665618423613845,65536,26.628918268030247,28.247143667002092
small,native-fused,Native fused AdamW,347,1700,2.6336353582275884,65536,28.297002847015392,29.98068004200104
small,native-fused,Native fused AdamW,347,1800,2.612581290479084,65536,29.96133426702363,31.70983333299955
small,native-fused,Native fused AdamW,347,1900,2.589806670670143,65536,31.627679356057342,33.44167291700069
small,native-fused,Native fused AdamW,347,2000,2.5658330200661337,65536,33.29416301607125,35.17301866699927
small,incidence-packed-flatnorm,Cotangent deterministic + packed,347,100,3.698472933214317,65536,1.475362502023927,2.2949857500025246
small,incidence-packed-flatnorm,Cotangent deterministic + packed,347,200,3.6411010472325107,65536,2.943140081009915,3.827555042000313
small,incidence-packed-flatnorm,Cotangent deterministic + packed,347,300,3.5835037779867482,65536,4.408519537992106,5.357724292000057
small,incidence-packed-flatnorm,Cotangent deterministic + packed,347,400,3.5621868831265204,65536,5.88550399900123,6.900892542002111
small,incidence-packed-flatnorm,Cotangent deterministic + packed,347,500,3.5202612427199087,65536,7.362424374008697,8.44283820900091
small,incidence-packed-flatnorm,Cotangent deterministic + packed,347,600,3.475195414086855,65536,8.83794953600227,9.983654209001543
small,incidence-packed-flatnorm,Cotangent deterministic + packed,347,700,3.361782164403811,65536,10.303381365996756,11.513482667000062
small,incidence-packed-flatnorm,Cotangent deterministic + packed,347,800,3.261033523649821,65536,11.748955199007469,13.023396750002576
small,incidence-packed-flatnorm,Cotangent deterministic + packed,347,900,3.146786706304792,65536,13.19661978600925,14.53555504200267
small,incidence-packed-flatnorm,Cotangent deterministic + packed,347,1000,3.0681293337943716,65536,14.644514491992595,16.047631625002396
small,incidence-packed-flatnorm,Cotangent deterministic + packed,347,1100,2.9954223084042857,65536,16.094425449980918,17.561531292001746
small,incidence-packed-flatnorm,Cotangent deterministic + packed,347,1200,2.9075117855762405,65536,17.54161620497689,19.07303687500098
small,incidence-packed-flatnorm,Cotangent deterministic + packed,347,1300,2.8503536794039146,65536,18.9889450809751,20.584719292000955
small,incidence-packed-flatnorm,Cotangent deterministic + packed,347,1400,2.793943515031275,65536,20.434937748974335,22.095017542000278
small,incidence-packed-flatnorm,Cotangent deterministic + packed,347,1500,2.750570506256206,65536,21.881909542982612,23.606960625002102
small,incidence-packed-flatnorm,Cotangent deterministic + packed,347,1600,2.7076023446412685,65536,23.326211538984353,25.116066750000755
small,incidence-packed-flatnorm,Cotangent deterministic + packed,347,1700,2.6753475036709857,65536,24.774840153000696,26.62961458400241
small,incidence-packed-flatnorm,Cotangent deterministic + packed,347,1800,2.6478040629275954,65536,26.215647774006356,28.134722250000777
small,incidence-packed-flatnorm,Cotangent deterministic + packed,347,1900,2.6294098627339615,65536,27.655824772034975,29.639086917002714
small,incidence-packed-flatnorm,Cotangent deterministic + packed,347,2000,2.606650909469623,65536,29.10162751704047,31.149042375000136
small,incidence-packed-flatnorm,Cotangent deterministic + packed,359,100,3.6861797853132945,65536,1.449107755022851,2.2489618330000667
small,incidence-packed-flatnorm,Cotangent deterministic + packed,359,200,3.6195130324721134,65536,2.9121375490212813,3.777348042000085
small,incidence-packed-flatnorm,Cotangent deterministic + packed,359,300,3.582075462071333,65536,4.53594826000699,5.467428291998658
small,incidence-packed-flatnorm,Cotangent deterministic + packed,359,400,3.5538133165789025,65536,6.005460472966661,7.002547957999923
small,incidence-packed-flatnorm,Cotangent deterministic + packed,359,500,3.5251413794251287,65536,7.490893134974613,8.554264375001367
small,incidence-packed-flatnorm,Cotangent deterministic + packed,359,600,3.4760005186201224,65536,8.965874308978528,10.09478904199932
small,incidence-packed-flatnorm,Cotangent deterministic + packed,359,700,3.3977648368207016,65536,10.44155347897322,11.635337667001295
small,incidence-packed-flatnorm,Cotangent deterministic + packed,359,800,3.278276353740507,65536,11.920584063984279,13.17921650000062
small,incidence-packed-flatnorm,Cotangent deterministic + packed,359,900,3.1370897977522785,65536,13.399282764989039,14.723082832999353
small,incidence-packed-flatnorm,Cotangent deterministic + packed,359,1000,2.9983314218159194,65536,14.880947098008619,16.26977829200041
small,incidence-packed-flatnorm,Cotangent deterministic + packed,359,1100,2.9176309706556585,65536,16.354489100016508,17.808240041998943
small,incidence-packed-flatnorm,Cotangent deterministic + packed,359,1200,2.860041806092318,65536,17.827363059001073,19.346382042000187
small,incidence-packed-flatnorm,Cotangent deterministic + packed,359,1300,2.8124833952791053,65536,19.304079641995486,20.88884274999873
small,incidence-packed-flatnorm,Cotangent deterministic + packed,359,1400,2.7517164535311944,65536,20.776126844979444,22.426582332998805
small,incidence-packed-flatnorm,Cotangent deterministic + packed,359,1500,2.7016265602119796,65536,22.24767667498236,23.963403499998094
small,incidence-packed-flatnorm,Cotangent deterministic + packed,359,1600,2.6670271980005564,65536,23.718133174996183,25.49930687500091
small,incidence-packed-flatnorm,Cotangent deterministic + packed,359,1700,2.6434004793990002,65536,25.188221592987247,27.034379707998596
small,incidence-packed-flatnorm,Cotangent deterministic + packed,359,1800,2.6157242787980595,65536,26.66660742795284,28.578323999998247
small,incidence-packed-flatnorm,Cotangent deterministic + packed,359,1900,2.592293378567884,65536,28.138767051943432,30.11511504200098
small,incidence-packed-flatnorm,Cotangent deterministic + packed,359,2000,2.5802401142180678,65536,29.611700465920876,31.652804541998194
small,native-fused,Native fused AdamW,359,100,3.686322423424354,65536,1.6746541209831776,2.4278874579977128
small,native-fused,Native fused AdamW,359,200,3.620140887385835,65536,3.3176224960116087,4.13501745800022
small,native-fused,Native fused AdamW,359,300,3.583823429241208,65536,4.977630247001798,5.859321374999126
small,native-fused,Native fused AdamW,359,400,3.5558478928364408,65536,6.621607494998898,7.568107457998849
small,native-fused,Native fused AdamW,359,500,3.5313543279299577,65536,8.27511962499193,9.286374707997311
small,native-fused,Native fused AdamW,359,600,3.484976830614436,65536,9.91540067101596,10.990613291000045
small,native-fused,Native fused AdamW,359,700,3.412193052591945,65536,11.558430757027963,12.69805337499929
small,native-fused,Native fused AdamW,359,800,3.292474811439113,65536,13.211438927024574,14.41600012499839
small,native-fused,Native fused AdamW,359,900,3.15032493762774,65536,14.85713030901752,16.125980749999144
small,native-fused,Native fused AdamW,359,1000,3.0072081934765884,65536,16.508387975038204,17.841842124998948
small,native-fused,Native fused AdamW,359,1100,2.9282665766399547,65536,18.15182997503871,19.549392000000807
small,native-fused,Native fused AdamW,359,1200,2.87567186350008,65536,19.79452110103375,21.256542249997437
small,native-fused,Native fused AdamW,359,1300,2.8190166077265872,65536,21.436771182015946,22.963685124999756
small,native-fused,Native fused AdamW,359,1400,2.7657628570686064,65536,23.099120517024858,24.690563165997446
small,native-fused,Native fused AdamW,359,1500,2.7229339745285785,65536,24.764474050007266,26.421371041000384
small,native-fused,Native fused AdamW,359,1600,2.681206501131423,65536,26.42742300802638,28.14999062499919
small,native-fused,Native fused AdamW,359,1700,2.6604452983395066,65536,28.092566972060013,29.88592633299777
small,native-fused,Native fused AdamW,359,1800,2.63238376523485,65536,29.776317136042053,31.63430666599743
small,native-fused,Native fused AdamW,359,1900,2.6053216824333933,65536,31.44240588104367,33.365007124997646
small,native-fused,Native fused AdamW,359,2000,2.5905322332273863,65536,33.10598571306036,35.09286874999816
small,incidence-fused,Deterministic embedding control,307,100,3.7118427462543195,65536,1.6846270430032746,2.4146844999995665
small,incidence-fused,Deterministic embedding control,307,200,3.617470953471431,65536,3.367708667021361,4.1631081250015995
small,incidence-fused,Deterministic embedding control,307,300,3.5905086636031376,65536,5.047295256019424,5.9073434170022665
small,incidence-fused,Deterministic embedding control,307,400,3.56301260408006,65536,6.725727797016589,7.65061945799971
small,incidence-fused,Deterministic embedding control,307,500,3.534784059698042,65536,8.409557006008981,9.399139917000866
small,incidence-fused,Deterministic embedding control,307,600,3.492704817286378,65536,10.091956089006999,11.147450750002463
small,incidence-fused,Deterministic embedding control,307,700,3.3712489709183853,65536,11.780533468026988,12.90052070800084
small,incidence-fused,Deterministic embedding control,307,800,3.1634239962307054,65536,13.461221594025119,14.646803042000101
small,incidence-fused,Deterministic embedding control,307,900,3.0592820034137467,65536,15.138785225008178,16.393154749999667
small,incidence-fused,Deterministic embedding control,307,1000,2.9795861029171755,65536,16.82249506201333,18.141508625001734
small,incidence-fused,Deterministic embedding control,307,1100,2.8898685852488044,65536,18.502686102016014,19.88670045800245
small,incidence-fused,Deterministic embedding control,307,1200,2.824378123871573,65536,20.18518622702686,21.63414791700052
small,incidence-fused,Deterministic embedding control,307,1300,2.7591842304523806,65536,21.858494024032552,23.37269600000218
small,incidence-fused,Deterministic embedding control,307,1400,2.706626418340032,65536,23.526019570017525,25.104853125001682
small,incidence-fused,Deterministic embedding control,307,1500,2.655298588525449,65536,25.202129985031206,26.845829000001686
small,incidence-fused,Deterministic embedding control,307,1600,2.6290483605763058,65536,26.880258070003038,28.58913683300125
small,incidence-fused,Deterministic embedding control,307,1700,2.5898811767791714,65536,28.56106807102333,30.335990250001487
small,incidence-fused,Deterministic embedding control,307,1800,2.5595093254830648,65536,30.250339864040143,32.09078550000049
small,incidence-fused,Deterministic embedding control,307,1900,2.534309685803464,65536,31.929301410036715,33.83484962500006
small,incidence-fused,Deterministic embedding control,307,2000,2.530184719543725,65536,33.60410615703222,35.57450612500179
small,native-fused,Native fused AdamW,307,100,3.7119306186399945,65536,1.6680187079873576,2.4123038750003616
small,native-fused,Native fused AdamW,307,200,3.6173368929950835,65536,3.330186083967419,4.139826291000645
small,native-fused,Native fused AdamW,307,300,3.5908837147690065,65536,4.995535217956785,5.869666250000591
small,native-fused,Native fused AdamW,307,400,3.5634500741992765,65536,6.6572527579373855,7.597040749998996
small,native-fused,Native fused AdamW,307,500,3.5318781548377385,65536,8.33756267291028,9.342616082998575
small,native-fused,Native fused AdamW,307,600,3.4975827504638843,65536,9.999488879908313,11.069230832999892
small,native-fused,Native fused AdamW,307,700,3.3741523175367574,65536,11.663877373910509,12.798435415999847
small,native-fused,Native fused AdamW,307,800,3.1772333001860718,65536,13.337691290893417,14.542193458000838
small,native-fused,Native fused AdamW,307,900,3.0580765071458975,65536,15.021887371891353,16.29128345799836
small,native-fused,Native fused AdamW,307,1000,2.980479585035155,65536,16.68291196286009,18.01623804100018
small,native-fused,Native fused AdamW,307,1100,2.8884455309276134,65536,18.35268421487126,19.7509116250003
small,native-fused,Native fused AdamW,307,1200,2.83003070452977,65536,20.01736153989623,21.47987916599959
small,native-fused,Native fused AdamW,307,1300,2.761785290689572,65536,21.676896003886213,23.20447808300014
small,native-fused,Native fused AdamW,307,1400,2.7111406350832525,65536,23.33943588385955,24.932322582997585
small,native-fused,Native fused AdamW,307,1500,2.6521533805553856,65536,25.00515567286493,26.66216654099844
small,native-fused,Native fused AdamW,307,1600,2.6246308840741954,65536,26.669208837876795,28.390808000000106
small,native-fused,Native fused AdamW,307,1700,2.5901044102599915,65536,28.33290142686019,30.11883941599808
small,native-fused,Native fused AdamW,307,1800,2.5556749024141268,65536,29.994746472872066,31.845313833000546
small,native-fused,Native fused AdamW,307,1900,2.531647528729554,65536,31.666602015884564,33.5816422909993
small,native-fused,Native fused AdamW,307,2000,2.5253020353454887,65536,33.32590218488258,35.30542916599734
small,incidence-packed-flatnorm,Cotangent deterministic + packed,307,100,3.7120361407452145,65536,1.4733842410241778,2.2834433749994787
small,incidence-packed-flatnorm,Cotangent deterministic + packed,307,200,3.6175315988536916,65536,2.943501529021887,3.818570957999327
small,incidence-packed-flatnorm,Cotangent deterministic + packed,307,300,3.5907946062580285,65536,4.404748360026133,5.343940250000742
small,incidence-packed-flatnorm,Cotangent deterministic + packed,307,400,3.561698624380721,65536,5.860977317024663,6.864629374998913
small,incidence-packed-flatnorm,Cotangent deterministic + packed,307,500,3.5349845484732856,65536,7.308428529009689,8.376263582998945
small,incidence-packed-flatnorm,Cotangent deterministic + packed,307,600,3.5005117009994033,65536,8.757723287017143,9.890081207999174
small,incidence-packed-flatnorm,Cotangent deterministic + packed,307,700,3.374875923791347,65536,10.205486211001698,11.402413665997301
small,incidence-packed-flatnorm,Cotangent deterministic + packed,307,800,3.1786791583318754,65536,11.6465411300087,12.907452583000122
small,incidence-packed-flatnorm,Cotangent deterministic + packed,307,900,3.0643755867120617,65536,13.094883796024078,14.420475499999156
small,incidence-packed-flatnorm,Cotangent deterministic + packed,307,1000,2.976250977730439,65536,14.542141462003201,15.93180829099947
small,incidence-packed-flatnorm,Cotangent deterministic + packed,307,1100,2.8880123496257526,65536,15.984542294027051,17.438138082998194
small,incidence-packed-flatnorm,Cotangent deterministic + packed,307,1200,2.831281700957688,65536,17.437014000028284,18.954769665997446
small,incidence-packed-flatnorm,Cotangent deterministic + packed,307,1300,2.7623209790258048,65536,18.884498078034085,20.467104040999402
small,incidence-packed-flatnorm,Cotangent deterministic + packed,307,1400,2.7100520923924476,65536,20.334927994033933,21.981672707999678
small,incidence-packed-flatnorm,Cotangent deterministic + packed,307,1500,2.651625006856272,65536,21.79898257302557,23.510110499999428
small,incidence-packed-flatnorm,Cotangent deterministic + packed,307,1600,2.6262033107021185,65536,23.25498815303945,25.02997745799803
small,incidence-packed-flatnorm,Cotangent deterministic + packed,307,1700,2.585599969655581,65536,24.703664362070413,26.542889790998743
small,incidence-packed-flatnorm,Cotangent deterministic + packed,307,1800,2.551889338541407,65536,26.143161949079513,28.047166749998723
small,incidence-packed-flatnorm,Cotangent deterministic + packed,307,1900,2.5264973685135637,65536,27.601524157071253,29.569518207998044
small,incidence-packed-flatnorm,Cotangent deterministic + packed,307,2000,2.521349481693239,65536,29.05760694808123,31.0902248329985
small,native-fused,Native fused AdamW,313,100,3.6866587784937788,65536,1.6757760789805616,2.427108584000962
small,native-fused,Native fused AdamW,313,200,3.6215287981272137,65536,3.3451855389939738,4.16129012500096
small,native-fused,Native fused AdamW,313,300,3.5829772638500477,65536,5.011318453009153,5.891789459001302
small,native-fused,Native fused AdamW,313,400,3.5729299943909796,65536,6.672688735008705,7.618202417001157
small,native-fused,Native fused AdamW,313,500,3.528634895258852,65536,8.340038489019207,9.349708417001239
small,native-fused,Native fused AdamW,313,600,3.4924581726672095,65536,10.002634484018927,11.076166750000993
small,native-fused,Native fused AdamW,313,700,3.43827730653409,65536,11.671733398019569,12.809897541999817
small,native-fused,Native fused AdamW,313,800,3.246876578263567,65536,13.338937734013598,14.541488834001939
small,native-fused,Native fused AdamW,313,900,3.1078757927808165,65536,15.001348022025923,16.268650459001947
small,native-fused,Native fused AdamW,313,1000,3.023374052084198,65536,16.66781198701574,17.999517791999097
small,native-fused,Native fused AdamW,313,1100,2.9337528232024783,65536,18.33159453002372,19.728053250000812
small,native-fused,Native fused AdamW,313,1200,2.879464113198352,65536,19.995175617019413,21.456396417001088
small,native-fused,Native fused AdamW,313,1300,2.8117953410631236,65536,21.665802409035678,23.191371042001265
small,native-fused,Native fused AdamW,313,1400,2.7637219496997334,65536,23.335411372034287,24.925315250002313
small,native-fused,Native fused AdamW,313,1500,2.710081205830564,65536,24.994156784043298,26.64866820899988
small,native-fused,Native fused AdamW,313,1600,2.6735163291448396,65536,26.657771239038993,28.376537833999464
small,native-fused,Native fused AdamW,313,1700,2.6422672803380074,65536,28.32033832304296,30.104307666999375
small,native-fused,Native fused AdamW,313,1800,2.6165081327250297,65536,29.99265449003724,31.84170825000183
small,native-fused,Native fused AdamW,313,1900,2.5928419226072688,65536,31.65662528703615,33.570106209001096
small,native-fused,Native fused AdamW,313,2000,2.577428058140557,65536,33.316814704034186,35.29513591700015
small,incidence-packed-flatnorm,Cotangent deterministic + packed,313,100,3.686549365281083,65536,1.4694079129913007,2.281500249999226
small,incidence-packed-flatnorm,Cotangent deterministic + packed,313,200,3.6215095468192326,65536,2.928594292017806,3.805611957999645
small,incidence-packed-flatnorm,Cotangent deterministic + packed,313,300,3.582175652714376,65536,4.389788167009101,5.331968624999718
small,incidence-packed-flatnorm,Cotangent deterministic + packed,313,400,3.57155536930938,65536,5.852898876022664,6.859711666998919
small,incidence-packed-flatnorm,Cotangent deterministic + packed,313,500,3.5285662096876638,65536,7.311947664027684,8.383449207998638
small,incidence-packed-flatnorm,Cotangent deterministic + packed,313,600,3.498138490902316,65536,8.777261537048616,9.913548083000933
small,incidence-packed-flatnorm,Cotangent deterministic + packed,313,700,3.4412763937444137,65536,10.238191956032097,11.439206708000711
small,incidence-packed-flatnorm,Cotangent deterministic + packed,313,800,3.276096570381062,65536,11.695781004040327,12.96112875000108
small,incidence-packed-flatnorm,Cotangent deterministic + packed,313,900,3.117034739601431,65536,13.156850340044912,14.486743582998315
small,incidence-packed-flatnorm,Cotangent deterministic + packed,313,1000,3.016080310856769,65536,14.61601433404212,16.01005166699906
small,incidence-packed-flatnorm,Cotangent deterministic + packed,313,1100,2.9234734094114927,65536,16.07950899306161,17.53855824999846
small,incidence-packed-flatnorm,Cotangent deterministic + packed,313,1200,2.878135531097063,65536,17.54189398805829,19.065343624999514
small,incidence-packed-flatnorm,Cotangent deterministic + packed,313,1300,2.815178051699571,65536,18.99478252906556,20.582772875000956
small,incidence-packed-flatnorm,Cotangent deterministic + packed,313,1400,2.75631565657623,65536,20.457650400050625,22.110271292000107
small,incidence-packed-flatnorm,Cotangent deterministic + packed,313,1500,2.7064196092023693,65536,21.917276241070795,23.634259124999517
small,incidence-packed-flatnorm,Cotangent deterministic + packed,313,1600,2.662722649606569,65536,23.376512281080068,25.158285833000264
small,incidence-packed-flatnorm,Cotangent deterministic + packed,313,1700,2.634601922223269,65536,24.840634860102,26.687141999998858
small,incidence-packed-flatnorm,Cotangent deterministic + packed,313,1800,2.6073283813781183,65536,26.29789156811239,28.20876062499883
small,incidence-packed-flatnorm,Cotangent deterministic + packed,313,1900,2.5843089173933853,65536,27.756225780121895,29.732351250000647
small,incidence-packed-flatnorm,Cotangent deterministic + packed,313,2000,2.566644713684712,65536,29.21552464812339,31.256191083000886
small,incidence-packed-flatnorm,Cotangent deterministic + packed,317,100,3.6935933769505436,65536,1.4613865810024436,2.224885750001704
small,incidence-packed-flatnorm,Cotangent deterministic + packed,317,200,3.628293681954324,65536,2.9229582080006367,3.75115254100092
small,incidence-packed-flatnorm,Cotangent deterministic + packed,317,300,3.5992629567441035,65536,4.381461291002779,5.274222583000665
small,incidence-packed-flatnorm,Cotangent deterministic + packed,317,400,3.5704672565752027,65536,5.839524619994336,6.797133374999248
small,incidence-packed-flatnorm,Cotangent deterministic + packed,317,500,3.5373696468711135,65536,7.303817282991076,8.325946458000544
small,incidence-packed-flatnorm,Cotangent deterministic + packed,317,600,3.4821924637437145,65536,8.762349029992038,9.848820166000223
small,incidence-packed-flatnorm,Cotangent deterministic + packed,317,700,3.402743766809927,65536,10.226647993978986,11.377753374999884
small,incidence-packed-flatnorm,Cotangent deterministic + packed,317,800,3.2210283490119003,65536,11.689631996967364,12.904967208000016
small,incidence-packed-flatnorm,Cotangent deterministic + packed,317,900,3.081494084095089,65536,13.15258391696625,14.432700875000592
small,incidence-packed-flatnorm,Cotangent deterministic + packed,317,1000,2.9859712329278074,65536,14.634122714953264,15.97916616600196
small,incidence-packed-flatnorm,Cotangent deterministic + packed,317,1100,2.8995072776740005,65536,16.096266997934435,17.505597833001957
small,incidence-packed-flatnorm,Cotangent deterministic + packed,317,1200,2.834893073277373,65536,17.568034414922295,19.042579625001963
small,incidence-packed-flatnorm,Cotangent deterministic + packed,317,1300,2.784946108289941,65536,19.03682745392871,20.57618262500182
small,incidence-packed-flatnorm,Cotangent deterministic + packed,317,1400,2.7317085132522254,65536,20.500572081924474,22.104211791000125
small,incidence-packed-flatnorm,Cotangent deterministic + packed,317,1500,2.683385317088457,65536,21.9664189649302,23.635134083000594
small,incidence-packed-flatnorm,Cotangent deterministic + packed,317,1600,2.650703566808612,65536,23.428816129930055,25.161984791000577
small,incidence-packed-flatnorm,Cotangent deterministic + packed,317,1700,2.6243598877865564,65536,24.886113884920633,26.68426241600173
small,incidence-packed-flatnorm,Cotangent deterministic + packed,317,1800,2.5915250407006964,65536,26.336680393927963,28.199011291002535
small,incidence-packed-flatnorm,Cotangent deterministic + packed,317,1900,2.564091378633135,65536,27.77451031392411,29.700452458000655
small,incidence-packed-flatnorm,Cotangent deterministic + packed,317,2000,2.547583011201875,65536,29.220436558953224,31.210622665999836
small,native-fused,Native fused AdamW,317,100,3.6934535013108136,65536,1.6647122919930553,2.4203604579997773
small,native-fused,Native fused AdamW,317,200,3.628196619245743,65536,3.321076831991377,4.141153165997821
small,native-fused,Native fused AdamW,317,300,3.596381559411548,65536,4.987272868980654,5.872174374999304
small,native-fused,Native fused AdamW,317,400,3.564842886446205,65536,6.6464745889607,7.595730665998417
small,native-fused,Native fused AdamW,317,500,3.529444030635499,65536,8.308152634966973,9.322558040999866
small,native-fused,Native fused AdamW,317,600,3.4834708752810717,65536,9.965928555990104,11.044476874998509
small,native-fused,Native fused AdamW,317,700,3.408775434851831,65536,11.620778344007704,12.764171540999087
small,native-fused,Native fused AdamW,317,800,3.236732396580738,65536,13.282038430013927,14.490729916000419
small,native-fused,Native fused AdamW,317,900,3.086842895021742,65536,14.94078201900993,16.213768999998138
small,native-fused,Native fused AdamW,317,1000,2.990253004369471,65536,16.723114853011793,18.065830790998007
small,native-fused,Native fused AdamW,317,1100,2.9110190707709487,65536,18.39965739301624,19.807129624998197
small,native-fused,Native fused AdamW,317,1200,2.850379971251665,65536,20.066806638013077,21.539105832998757
small,native-fused,Native fused AdamW,317,1300,2.7895702058236895,65536,21.72489992804185,23.261969915998634
small,native-fused,Native fused AdamW,317,1400,2.739323824415563,65536,23.387545957011753,24.989534874999663
small,native-fused,Native fused AdamW,317,1500,2.6904366487694946,65536,25.051866546011297,26.71834241599936
small,native-fused,Native fused AdamW,317,1600,2.653194697885155,65536,26.70843750597851,28.44051854099962
small,native-fused,Native fused AdamW,317,1700,2.6293470353218185,65536,28.374587924961816,30.171502332999808
small,native-fused,Native fused AdamW,317,1800,2.5955229547771115,65536,30.034610764963872,31.89594799999759
small,native-fused,Native fused AdamW,317,1900,2.5688417114326167,65536,31.700217394969513,33.627265457998874
small,native-fused,Native fused AdamW,317,2000,2.55253870740986,65536,33.36397790196861,35.35633004099873
small,incidence-packed-flatnorm,Cotangent deterministic + packed,337,100,3.682751923856538,65536,1.4713447560025088,2.3082757919983123
small,incidence-packed-flatnorm,Cotangent deterministic + packed,337,200,3.626508835254754,65536,2.9360782140174706,3.8379496249981457
small,incidence-packed-flatnorm,Cotangent deterministic + packed,337,300,3.58187529576356,65536,4.4011636750256,5.367205541999283
small,incidence-packed-flatnorm,Cotangent deterministic + packed,337,400,3.5665871667380022,65536,5.871144342028856,6.901802332999068
small,incidence-packed-flatnorm,Cotangent deterministic + packed,337,500,3.5285439594322083,65536,7.338133219025622,8.433311000000685
small,incidence-packed-flatnorm,Cotangent deterministic + packed,337,600,3.483044766765728,65536,8.886906514027942,10.04716449999978
small,incidence-packed-flatnorm,Cotangent deterministic + packed,337,700,3.403440576017729,65536,10.36920297100005,11.594133957998565
small,incidence-packed-flatnorm,Cotangent deterministic + packed,337,800,3.3030951808354345,65536,11.82546825800091,13.114569041998038
small,incidence-packed-flatnorm,Cotangent deterministic + packed,337,900,3.1101255945769943,65536,13.294877638025355,14.65060341699791
small,incidence-packed-flatnorm,Cotangent deterministic + packed,337,1000,3.0068395056688013,65536,14.755882642013603,16.17623595799887
small,incidence-packed-flatnorm,Cotangent deterministic + packed,337,1100,2.936503443852426,65536,16.219019054013188,17.70411970799978
small,incidence-packed-flatnorm,Cotangent deterministic + packed,337,1200,2.8536801409646135,65536,17.67815055200481,19.22830595800042
small,incidence-packed-flatnorm,Cotangent deterministic + packed,337,1300,2.8072750243102553,65536,19.13693687902196,20.751803167000617
small,incidence-packed-flatnorm,Cotangent deterministic + packed,337,1400,2.7623465130750002,65536,20.59591803902731,22.275090082999668
small,incidence-packed-flatnorm,Cotangent deterministic + packed,337,1500,2.71746878509187,65536,22.053716165042715,23.797342833000585
small,incidence-packed-flatnorm,Cotangent deterministic + packed,337,1600,2.6920741385840223,65536,23.504376625041914,25.312417999997706
small,incidence-packed-flatnorm,Cotangent deterministic + packed,337,1700,2.65147294732062,65536,24.958774291033478,26.832181833000504
small,incidence-packed-flatnorm,Cotangent deterministic + packed,337,1800,2.6266067927499583,65536,26.41260245403828,28.350161750000552
small,incidence-packed-flatnorm,Cotangent deterministic + packed,337,1900,2.6084536369904248,65536,27.86684266202792,29.86920199999804
small,incidence-packed-flatnorm,Cotangent deterministic + packed,337,2000,2.586166281652583,65536,29.327177536004456,31.39420154199979
small,native-fused,Native fused AdamW,337,100,3.682892498175787,65536,1.688915585014911,2.448684750001121
small,native-fused,Native fused AdamW,337,200,3.6262951253132254,65536,3.3694909150362946,4.193916750002245
small,native-fused,Native fused AdamW,337,300,3.5805153537007777,65536,5.093051287043636,5.982029250000778
small,native-fused,Native fused AdamW,337,400,3.563452137991087,65536,6.7582332050624245,7.711998582999513
small,native-fused,Native fused AdamW,337,500,3.5188231990358037,65536,8.42573082608942,9.444098042000405
small,native-fused,Native fused AdamW,337,600,3.4924982016291977,65536,10.08809411909533,11.170968000002176
small,native-fused,Native fused AdamW,337,700,3.4104726993864487,65536,11.764969068091887,12.919134708001366
small,native-fused,Native fused AdamW,337,800,3.333399975021078,65536,13.44074498608461,14.659629083002073
small,native-fused,Native fused AdamW,337,900,3.1628003011473513,65536,15.108052199073427,16.39202883300095
small,native-fused,Native fused AdamW,337,1000,3.049644939449276,65536,16.77586782308572,18.124158333001105
small,native-fused,Native fused AdamW,337,1100,2.956835313454295,65536,18.44032441008676,19.85399049999978
small,native-fused,Native fused AdamW,337,1200,2.8873713004180352,65536,20.103217071085965,21.5808082500007
small,native-fused,Native fused AdamW,337,1300,2.8383895880585706,65536,21.758854651074216,23.300576500001625
small,native-fused,Native fused AdamW,337,1400,2.7893595270763822,65536,23.429750400082412,25.037783250001667
small,native-fused,Native fused AdamW,337,1500,2.744126735536088,65536,25.123209903078532,26.795697333000135
small,native-fused,Native fused AdamW,337,1600,2.7225742190697204,65536,26.78662557205098,28.523415292002028
small,native-fused,Native fused AdamW,337,1700,2.6805698482302183,65536,28.466596866037435,30.268063041999994
small,native-fused,Native fused AdamW,337,1800,2.654734044725076,65536,30.118881610029348,31.984035917001165
small,native-fused,Native fused AdamW,337,1900,2.635399233792669,65536,31.760766403043817,33.689529750001384
small,native-fused,Native fused AdamW,337,2000,2.621474271504597,65536,33.44294544604054,35.43556408299992
small,incidence-packed-flatnorm,Cotangent deterministic + packed,311,100,3.68085794341608,65536,1.4859826220272225,2.2909874169999966
small,incidence-packed-flatnorm,Cotangent deterministic + packed,311,200,3.6074190189829585,65536,2.955964335025783,3.8258281250018626
small,incidence-packed-flatnorm,Cotangent deterministic + packed,311,300,3.5863123729134103,65536,4.428604704040481,5.362877417002892
small,incidence-packed-flatnorm,Cotangent deterministic + packed,311,400,3.554754255159604,65536,5.895565457049088,6.894381917001738
small,incidence-packed-flatnorm,Cotangent deterministic + packed,311,500,3.522036737862838,65536,7.3647425030394515,8.427751667000848
small,incidence-packed-flatnorm,Cotangent deterministic + packed,311,600,3.4696580779281097,65536,8.825779341044836,9.953250333001051
small,incidence-packed-flatnorm,Cotangent deterministic + packed,311,700,3.2517156433619783,65536,10.2914894260648,11.483517500000744
small,incidence-packed-flatnorm,Cotangent deterministic + packed,311,800,3.101462108275684,65536,11.749259262061969,13.005263167000521
small,incidence-packed-flatnorm,Cotangent deterministic + packed,311,900,3.009281632438764,65536,13.2053861830791,14.525576916999853
small,incidence-packed-flatnorm,Cotangent deterministic + packed,311,1000,2.9154510206880206,65536,14.66642668109489,16.0510646670009
small,incidence-packed-flatnorm,Cotangent deterministic + packed,311,1100,2.825342984164118,65536,16.131486390091595,17.580454582999664
small,incidence-packed-flatnorm,Cotangent deterministic + packed,311,1200,2.773838458299147,65536,17.591463604097953,19.10510787500243
small,incidence-packed-flatnorm,Cotangent deterministic + packed,311,1300,2.7098390058880284,65536,19.061205275098473,20.639486542000668
small,incidence-packed-flatnorm,Cotangent deterministic + packed,311,1400,2.664499010037211,65536,20.5269645271037,22.169890791999933
small,incidence-packed-flatnorm,Cotangent deterministic + packed,311,1500,2.6089832306914675,65536,21.99556298911557,23.703697208002268
small,incidence-packed-flatnorm,Cotangent deterministic + packed,311,1600,2.5832298444972936,65536,23.464825155107974,25.23770450000302
small,incidence-packed-flatnorm,Cotangent deterministic + packed,311,1700,2.5511111331696266,65536,24.94306473809047,26.780476500000077
small,incidence-packed-flatnorm,Cotangent deterministic + packed,311,1800,2.51874941035629,65536,26.423687361089833,28.326434042002802
small,incidence-packed-flatnorm,Cotangent deterministic + packed,311,1900,2.500237880373563,65536,27.892879277096654,29.860466625003028
small,incidence-packed-flatnorm,Cotangent deterministic + packed,311,2000,2.482817419076825,65536,29.35521531409904,31.387474375002057
small,native-fused,Native fused AdamW,311,100,3.6807932564415244,65536,1.6732785770036571,2.412563332996797
small,native-fused,Native fused AdamW,311,200,3.607370627364572,65536,3.333771668996633,4.137895415999083
small,native-fused,Native fused AdamW,311,300,3.581005665489472,65536,5.006287288979365,5.8758248329977505
small,native-fused,Native fused AdamW,311,400,3.556113509291783,65536,6.66749061698647,7.602039165998576
small,native-fused,Native fused AdamW,311,500,3.522516064259708,65536,8.332291784983681,9.331558624999161
small,native-fused,Native fused AdamW,311,600,3.4802596797176553,65536,10.001296698981605,11.065245457997662
small,native-fused,Native fused AdamW,311,700,3.296701080854669,65536,11.660785064977972,12.78929741599859
small,native-fused,Native fused AdamW,311,800,3.1166465317627714,65536,13.329180773958797,14.522191374999238
small,native-fused,Native fused AdamW,311,900,3.015752393686152,65536,14.990120727939939,16.247605582997494
small,native-fused,Native fused AdamW,311,1000,2.914404285904749,65536,16.65994922594109,17.982212124999933
small,native-fused,Native fused AdamW,311,1100,2.8314019275795568,65536,18.323518982928363,19.70991120799954
small,native-fused,Native fused AdamW,311,1200,2.7796508162144535,65536,19.9866380649255,21.437794124998618
small,native-fused,Native fused AdamW,311,1300,2.7167363647264238,65536,21.649159187920304,23.165035082998656
small,native-fused,Native fused AdamW,311,1400,2.6704504750447757,65536,23.304859854921233,24.885928207997495
small,native-fused,Native fused AdamW,311,1500,2.6134548494818524,65536,24.963340350932413,26.609011040996847
small,native-fused,Native fused AdamW,311,1600,2.583332571884437,65536,26.622389763932006,28.332495207996544
small,native-fused,Native fused AdamW,311,1700,2.5504572766288773,65536,28.28601000992421,30.06045924999853
small,native-fused,Native fused AdamW,311,1800,2.5165504294334426,65536,29.941195175935718,31.779877749999287
small,native-fused,Native fused AdamW,311,1900,2.50307370230364,65536,31.596023094934935,33.4993182909966
small,native-fused,Native fused AdamW,311,2000,2.4822165224436263,65536,33.25123963093574,35.21903812499659
small,incidence-fused,Deterministic embedding control,373,100,3.6698281693193797,65536,1.6858710780143156,2.334816333001072
small,incidence-fused,Deterministic embedding control,373,200,3.6268322701275326,65536,3.3644274979924376,4.084936082999775
small,incidence-fused,Deterministic embedding control,373,300,3.5748246950087883,65536,5.049245868995058,5.834358791998966
small,incidence-fused,Deterministic embedding control,373,400,3.5574338093535407,65536,6.748719161012559,7.598449917000835
small,incidence-fused,Deterministic embedding control,373,500,3.5140781976984985,65536,8.423917156032985,9.338837916999182
small,incidence-fused,Deterministic embedding control,373,600,3.4703927125701854,65536,10.111533199022233,11.09220620799897
small,incidence-fused,Deterministic embedding control,373,700,3.2947480351225553,65536,11.817442405015754,12.863171624998358
small,incidence-fused,Deterministic embedding control,373,800,3.1210468691188313,65536,13.492486777980957,14.602816750000784
small,incidence-fused,Deterministic embedding control,373,900,3.011211003684095,65536,15.180165520974697,16.356152332999045
small,incidence-fused,Deterministic embedding control,373,1000,2.8952652772203487,65536,16.85877631295807,18.099740999998176
small,incidence-fused,Deterministic embedding control,373,1100,2.813800857627124,65536,18.53952952194959,19.84496470799786
small,incidence-fused,Deterministic embedding control,373,1200,2.7503960083590746,65536,20.231194106945622,21.601407207999728
small,incidence-fused,Deterministic embedding control,373,1300,2.6817333216122208,65536,21.904405930956273,23.33966983299979
small,incidence-fused,Deterministic embedding control,373,1400,2.6216242941207275,65536,23.584520090960723,25.08491433299787
small,incidence-fused,Deterministic embedding control,373,1500,2.5872489285631377,65536,25.264975212976424,26.830105291999644
small,incidence-fused,Deterministic embedding control,373,1600,2.553639466243334,65536,26.942201714973635,28.572356749999017
small,incidence-fused,Deterministic embedding control,373,1700,2.5156240717568594,65536,28.615808049962652,30.310792124997533
small,incidence-fused,Deterministic embedding control,373,1800,2.485178832238955,65536,30.295198178955616,32.055177499998535
small,incidence-fused,Deterministic embedding control,373,1900,2.465784778657783,65536,31.971023847949255,33.79591562499991
small,incidence-fused,Deterministic embedding control,373,2000,2.4551840260325757,65536,33.65156273196044,35.5413926250003
small,incidence-packed-flatnorm,Cotangent deterministic + packed,373,100,3.669934895303156,65536,1.4776946189958835,2.2800595829976373
small,incidence-packed-flatnorm,Cotangent deterministic + packed,373,200,3.627167915768523,65536,2.9436152829730418,3.810825290998764
small,incidence-packed-flatnorm,Cotangent deterministic + packed,373,300,3.574770724703164,65536,4.411728240978846,5.345610874999693
small,incidence-packed-flatnorm,Cotangent deterministic + packed,373,400,3.5573335864637508,65536,5.888174122010241,6.887267291000171
small,incidence-packed-flatnorm,Cotangent deterministic + packed,373,500,3.5110964592380802,65536,7.352730959995824,8.416629125000327
small,incidence-packed-flatnorm,Cotangent deterministic + packed,373,600,3.4504968566094587,65536,8.890671042994654,10.02408954099883
small,incidence-packed-flatnorm,Cotangent deterministic + packed,373,700,3.259201456963674,65536,10.43527079001069,11.634615457998734
small,incidence-packed-flatnorm,Cotangent deterministic + packed,373,800,3.1148622440068165,65536,11.92591429001186,13.19109329099956
small,incidence-packed-flatnorm,Cotangent deterministic + packed,373,900,3.0025486460189312,65536,13.404504288006137,14.735286957999051
small,incidence-packed-flatnorm,Cotangent deterministic + packed,373,1000,2.890113574534958,65536,14.867914913018467,16.263693832999707
small,incidence-packed-flatnorm,Cotangent deterministic + packed,373,1100,2.8067602694873073,65536,16.337226661020395,17.79811208299725
small,incidence-packed-flatnorm,Cotangent deterministic + packed,373,1200,2.742395568921419,65536,17.796387571033847,19.32205808299841
small,incidence-packed-flatnorm,Cotangent deterministic + packed,373,1300,2.686124511641038,65536,19.243251237039658,20.833460499998182
small,incidence-packed-flatnorm,Cotangent deterministic + packed,373,1400,2.6273996166470623,65536,20.692349615026615,22.34719149999728
small,incidence-packed-flatnorm,Cotangent deterministic + packed,373,1500,2.5819164022437384,65536,22.13309836804183,23.85247724999863
small,incidence-packed-flatnorm,Cotangent deterministic + packed,373,1600,2.5543232961354536,65536,23.581411745039077,25.365716290998535
small,incidence-packed-flatnorm,Cotangent deterministic + packed,373,1700,2.515938230315407,65536,25.031449409016204,26.880862915997568
small,incidence-packed-flatnorm,Cotangent deterministic + packed,373,1800,2.4918736653825855,65536,26.489598410025792,28.4035280829994
small,incidence-packed-flatnorm,Cotangent deterministic + packed,373,1900,2.469584837443296,65536,28.022905412028194,30.00364241599891
small,incidence-packed-flatnorm,Cotangent deterministic + packed,373,2000,2.4586430754681747,65536,29.50136583303538,31.54675316599969
small,native-fused,Native fused AdamW,373,100,3.6699850174969666,65536,1.6570193769948673,2.3908042080001906
small,native-fused,Native fused AdamW,373,200,3.6273081783692174,65536,3.3176588830137916,4.11595408300127
small,native-fused,Native fused AdamW,373,300,3.5785004264611007,65536,4.972761388024082,5.83541624999998
small,native-fused,Native fused AdamW,373,400,3.5668072077908657,65536,6.63672068602682,7.564020416000858
small,native-fused,Native fused AdamW,373,500,3.514320693236215,65536,8.297272858038923,9.289304333000473
small,native-fused,Native fused AdamW,373,600,3.4654500601713765,65536,9.961567907022982,11.018748166003206
small,native-fused,Native fused AdamW,373,700,3.282815900303525,65536,11.625334866024787,12.74696033300279
small,native-fused,Native fused AdamW,373,800,3.13668245684371,65536,13.282624948042212,14.469052791002468
small,native-fused,Native fused AdamW,373,900,3.0255832122301936,65536,14.947797081043973,16.198988416002976
small,native-fused,Native fused AdamW,373,1000,2.9173937743333718,65536,16.606041503036977,17.921620166001958
small,native-fused,Native fused AdamW,373,1100,2.8296598561899313,65536,18.270042669046234,19.650610291002522
small,native-fused,Native fused AdamW,373,1200,2.759102038868642,65536,19.930501000064396,21.375473000000056
small,native-fused,Native fused AdamW,373,1300,2.6966895939895648,65536,21.599636793071113,23.10935150000296
small,native-fused,Native fused AdamW,373,1400,2.63774673785791,65536,23.26437071408509,24.838892166000733
small,native-fused,Native fused AdamW,373,1500,2.5909253801928007,65536,24.942782960060867,26.58256529100254
small,native-fused,Native fused AdamW,373,1600,2.56090731870735,65536,26.608015541052737,28.31266758300262
small,native-fused,Native fused AdamW,373,1700,2.520068501165034,65536,28.27107449905816,30.040542665999965
small,native-fused,Native fused AdamW,373,1800,2.491111798362637,65536,29.9384065000595,31.772000166001817
small,native-fused,Native fused AdamW,373,1900,2.4677540122569095,65536,31.592361080070987,33.49086820800221
small,native-fused,Native fused AdamW,373,2000,2.4611340721832717,65536,33.26977312508825,35.233224916002655
small,incidence-packed-flatnorm,Cotangent deterministic + packed,383,100,3.6934795566824192,65536,1.4857760830018378,2.322750082999846
small,incidence-packed-flatnorm,Cotangent deterministic + packed,383,200,3.611619082542089,65536,2.9385674629811547,3.8425846659993113
small,incidence-packed-flatnorm,Cotangent deterministic + packed,383,300,3.5802477164492883,65536,4.4003881339485815,5.369381415999669
small,incidence-packed-flatnorm,Cotangent deterministic + packed,383,400,3.568747419317659,65536,5.857570301963278,6.890975957998307
small,incidence-packed-flatnorm,Cotangent deterministic + packed,383,500,3.536389936951558,65536,7.310088139962318,8.408676082999591
small,incidence-packed-flatnorm,Cotangent deterministic + packed,383,600,3.4787957203978483,65536,8.764398101971892,9.92673612499857
small,incidence-packed-flatnorm,Cotangent deterministic + packed,383,700,3.366155102773805,65536,10.211537888964813,11.438044332997379
small,incidence-packed-flatnorm,Cotangent deterministic + packed,383,800,3.150735524708843,65536,11.660441509964585,12.950859040996875
small,incidence-packed-flatnorm,Cotangent deterministic + packed,383,900,3.0437615741969943,65536,13.108890724961384,14.463915915999678
small,incidence-packed-flatnorm,Cotangent deterministic + packed,383,1000,2.960852236988088,65536,14.558481653966737,15.97816899999816
small,incidence-packed-flatnorm,Cotangent deterministic + packed,383,1100,2.9052026873867205,65536,16.01624994797021,17.50082041600035
small,incidence-packed-flatnorm,Cotangent deterministic + packed,383,1200,2.8201746905273772,65536,17.47088485997665,19.020133374997386
small,incidence-packed-flatnorm,Cotangent deterministic + packed,383,1300,2.7511664315159035,65536,18.92585140697338,20.53964629099937
small,incidence-packed-flatnorm,Cotangent deterministic + packed,383,1400,2.709994128864649,65536,20.381406118969608,22.05900279100024
small,incidence-packed-flatnorm,Cotangent deterministic + packed,383,1500,2.6716371983313922,65536,21.838388543987094,23.580671624997194
small,incidence-packed-flatnorm,Cotangent deterministic + packed,383,1600,2.627986002244095,65536,23.30181442700632,25.109199124999577
small,incidence-packed-flatnorm,Cotangent deterministic + packed,383,1700,2.599955651743823,65536,24.92249567001636,26.79419912499725
small,incidence-packed-flatnorm,Cotangent deterministic + packed,383,1800,2.5834978740842054,65536,26.373807255007705,28.3102188749981
small,incidence-packed-flatnorm,Cotangent deterministic + packed,383,1900,2.549813997021156,65536,27.842340511004295,29.843160041000374
small,incidence-packed-flatnorm,Cotangent deterministic + packed,383,2000,2.526169075130898,65536,29.300828388011723,31.36621379099961
small,native-fused,Native fused AdamW,383,100,3.693421286810524,65536,1.6620055050079827,2.3999892089996138
small,native-fused,Native fused AdamW,383,200,3.611427891578908,65536,3.3239329979987815,4.126691041998129
small,native-fused,Native fused AdamW,383,300,3.580156361414933,65536,4.996394204979879,5.864928791997954
small,native-fused,Native fused AdamW,383,400,3.5665922509751184,65536,6.6630543769933865,7.596086166999157
small,native-fused,Native fused AdamW,383,500,3.54159173495847,65536,8.322132884986786,9.31954558399957
small,native-fused,Native fused AdamW,383,600,3.473630801920631,65536,10.003518303979945,11.066089249998186
small,native-fused,Native fused AdamW,383,700,3.3648002019524768,65536,11.681528517990955,12.808761917000083
small,native-fused,Native fused AdamW,383,800,3.1564542273218392,65536,13.351631432968134,14.543971167000564
small,native-fused,Native fused AdamW,383,900,3.0366903892686974,65536,15.017692637964501,16.274481249998644
small,native-fused,Native fused AdamW,383,1000,2.958142591204708,65536,16.686156090971053,18.008593167000072
small,native-fused,Native fused AdamW,383,1100,2.9015072209252213,65536,18.353669427960995,19.740700458998617
small,native-fused,Native fused AdamW,383,1200,2.822593846864534,65536,20.083425680968503,21.535208917001
small,native-fused,Native fused AdamW,383,1300,2.7624556038202255,65536,21.752905976951297,23.268883000000642
small,native-fused,Native fused AdamW,383,1400,2.710552776884772,65536,23.412231230937323,24.992909374999726
small,native-fused,Native fused AdamW,383,1500,2.6714731698781318,65536,25.078916317943367,26.72400533399923
small,native-fused,Native fused AdamW,383,1600,2.633389406913481,65536,26.734243649934797,28.444110666998313
small,native-fused,Native fused AdamW,383,1700,2.600452321516141,65536,28.399511229916243,30.174112917000457
small,native-fused,Native fused AdamW,383,1800,2.584208022696365,65536,30.043617389925203,31.88240820899955
small,native-fused,Native fused AdamW,383,1900,2.5543809963148183,65536,31.695985468926665,33.599299541998334
small,native-fused,Native fused AdamW,383,2000,2.530859359112939,65536,33.34663208992424,35.313991333998274
small,native-fused,Native fused AdamW,379,100,3.6725994547597205,65536,1.6808503750180535,2.4337338330005878
small,native-fused,Native fused AdamW,379,200,3.6308601253085713,65536,3.338779790999979,4.156782665999344
small,native-fused,Native fused AdamW,379,300,3.5962708348311394,65536,4.994192959999054,5.877071040998999
small,native-fused,Native fused AdamW,379,400,3.558479625104522,65536,6.652215370995691,7.5993409999973665
small,native-fused,Native fused AdamW,379,500,3.5221413033145623,65536,8.303179251983238,9.314689915998315
small,native-fused,Native fused AdamW,379,600,3.4585386148789845,65536,9.952976175001822,11.029406790999928
small,native-fused,Native fused AdamW,379,700,3.263390320152667,65536,11.61801521698726,12.767889582999487
small,native-fused,Native fused AdamW,379,800,3.1140450146966634,65536,13.302394841968635,14.51662579099866
small,native-fused,Native fused AdamW,379,900,3.006786760739565,65536,14.964837805979187,16.243712374998722
small,native-fused,Native fused AdamW,379,1000,2.9223359161586857,65536,16.62709155898483,17.970579041000747
small,native-fused,Native fused AdamW,379,1100,2.8444720286036835,65536,18.294691646970023,19.702657791000092
small,native-fused,Native fused AdamW,379,1200,2.780983692507556,65536,19.967350485978386,21.440999415997794
small,native-fused,Native fused AdamW,379,1300,2.7148381707110194,65536,21.639470237983915,23.17798004100041
small,native-fused,Native fused AdamW,379,1400,2.6824607276085026,65536,23.307309160012665,24.91020508300062
small,native-fused,Native fused AdamW,379,1500,2.632492909724654,65536,24.968841373018222,26.63616995799748
small,native-fused,Native fused AdamW,379,1600,2.594236013975163,65536,26.636550750037713,28.368597790999047
small,native-fused,Native fused AdamW,379,1700,2.5667199507200067,65536,28.296444122028333,30.092841375000717
small,native-fused,Native fused AdamW,379,1800,2.5401711716378816,65536,29.958756415020616,31.820018374997744
small,native-fused,Native fused AdamW,379,1900,2.5154182407705235,65536,31.625489083013235,33.55087879100029
small,native-fused,Native fused AdamW,379,2000,2.501652604285103,65536,33.28772195300553,35.277359207997506
small,incidence-packed-flatnorm,Cotangent deterministic + packed,379,100,3.672670429849948,65536,1.4804433730168967,2.265016208999441
small,incidence-packed-flatnorm,Cotangent deterministic + packed,379,200,3.6307420592187536,65536,2.957632709018071,3.8072179169976152
small,incidence-packed-flatnorm,Cotangent deterministic + packed,379,300,3.58917823806281,65536,4.447982082991075,5.364304083999741
small,incidence-packed-flatnorm,Cotangent deterministic + packed,379,400,3.555612631318976,65536,5.927459588001511,6.9078786249992845
small,incidence-packed-flatnorm,Cotangent deterministic + packed,379,500,3.519843281882649,65536,7.384816342000704,8.429779458998382
small,incidence-packed-flatnorm,Cotangent deterministic + packed,379,600,3.461233905485475,65536,8.843501429004391,9.95318929199857
small,incidence-packed-flatnorm,Cotangent deterministic + packed,379,700,3.2903332189770755,65536,10.319996380007069,11.494765333998657
small,incidence-packed-flatnorm,Cotangent deterministic + packed,379,800,3.132143211250331,65536,11.78512879898335,13.024822791998304
small,incidence-packed-flatnorm,Cotangent deterministic + packed,379,900,3.0258096918835484,65536,13.253635674984253,14.559032833996753
small,incidence-packed-flatnorm,Cotangent deterministic + packed,379,1000,2.9344012837875564,65536,14.729237501996977,16.10091129200009
small,incidence-packed-flatnorm,Cotangent deterministic + packed,379,1100,2.860225338453078,65536,16.212339204972523,17.648857583997597
small,incidence-packed-flatnorm,Cotangent deterministic + packed,379,1200,2.792861147592528,65536,17.677027574987733,19.178398041996843
small,incidence-packed-flatnorm,Cotangent deterministic + packed,379,1300,2.724136224623893,65536,19.150045905968,20.71657349999805
small,incidence-packed-flatnorm,Cotangent deterministic + packed,379,1400,2.6929674540938087,65536,20.613331152981118,22.244957291997707
small,incidence-packed-flatnorm,Cotangent deterministic + packed,379,1500,2.641984347379507,65536,22.078586947991425,23.775009999997565
small,incidence-packed-flatnorm,Cotangent deterministic + packed,379,1600,2.600711031793159,65536,23.533272079002927,25.29396745899794
small,incidence-packed-flatnorm,Cotangent deterministic + packed,379,1700,2.570899494599106,65536,24.99166528198839,26.816702666998026
small,incidence-packed-flatnorm,Cotangent deterministic + packed,379,1800,2.5440914785430944,65536,26.452662276999035,28.342275166996842
small,incidence-packed-flatnorm,Cotangent deterministic + packed,379,1900,2.5186228364997127,65536,27.914201780993608,29.868288333997043
small,incidence-packed-flatnorm,Cotangent deterministic + packed,379,2000,2.5061677454350715,65536,29.37691627798995,31.395855666996795
small,incidence-packed-flatnorm,Cotangent deterministic + packed,349,100,3.6864563011691347,65536,1.474881664995337,2.249406958999316
small,incidence-packed-flatnorm,Cotangent deterministic + packed,349,200,3.6099652543757292,65536,2.942705706002016,3.781864749998931
small,incidence-packed-flatnorm,Cotangent deterministic + packed,349,300,3.592384790094653,65536,4.415040419011348,5.319103249999898
small,incidence-packed-flatnorm,Cotangent deterministic + packed,349,400,3.5490378420656477,65536,5.88663537602406,6.871200792000309
small,incidence-packed-flatnorm,Cotangent deterministic + packed,349,500,3.5266243750746034,65536,7.352592169012496,8.401873667000473
small,incidence-packed-flatnorm,Cotangent deterministic + packed,349,600,3.4605976341707767,65536,8.82113104504242,9.935488458999316
small,incidence-packed-flatnorm,Cotangent deterministic + packed,349,700,3.289209882046218,65536,10.287852216042666,11.467281124998408
small,incidence-packed-flatnorm,Cotangent deterministic + packed,349,800,3.127191690996087,65536,11.757179137039202,13.001422666999133
small,incidence-packed-flatnorm,Cotangent deterministic + packed,349,900,3.033961739402397,65536,13.228422139050963,14.537499083999137
small,incidence-packed-flatnorm,Cotangent deterministic + packed,349,1000,2.9489586907763448,65536,14.689739219040348,16.0638285419991
small,incidence-packed-flatnorm,Cotangent deterministic + packed,349,1100,2.870044446053487,65536,16.154274053042172,17.593543292001414
small,incidence-packed-flatnorm,Cotangent deterministic + packed,349,1200,2.809341562468565,65536,17.624525313029153,19.128610542000388
small,incidence-packed-flatnorm,Cotangent deterministic + packed,349,1300,2.745436265184336,65536,19.08912043905366,20.6578370419993
small,incidence-packed-flatnorm,Cotangent deterministic + packed,349,1400,2.6850690057425726,65536,20.56076010601828,22.194588292000844
small,incidence-packed-flatnorm,Cotangent deterministic + packed,349,1500,2.6285443707924103,65536,22.029409851005767,23.72814862499945
small,incidence-packed-flatnorm,Cotangent deterministic + packed,349,1600,2.593459243583625,65536,23.496652139008802,25.2600944170008
small,incidence-packed-flatnorm,Cotangent deterministic + packed,349,1700,2.5499487024324448,65536,24.965676349002024,26.793819250000524
small,incidence-packed-flatnorm,Cotangent deterministic + packed,349,1800,2.5217655507213386,65536,26.425692979988526,28.318513583999447
small,incidence-packed-flatnorm,Cotangent deterministic + packed,349,1900,2.5021103898549524,65536,27.884144146988547,29.84209466700122
small,incidence-packed-flatnorm,Cotangent deterministic + packed,349,2000,2.478669906966449,65536,29.345592688994657,31.368240374999004
small,native-fused,Native fused AdamW,349,100,3.6866664532195736,65536,1.6650034609738213,2.4035838340023474
small,native-fused,Native fused AdamW,349,200,3.609929782953989,65536,3.3265705059639004,4.12980887500089
small,native-fused,Native fused AdamW,349,300,3.5924172410710877,65536,4.9877347559413465,5.855267916998855
small,native-fused,Native fused AdamW,349,400,3.5680344544895912,65536,6.649438174936222,7.5813425420019485
small,native-fused,Native fused AdamW,349,500,3.5263141613681093,65536,8.310206419922906,9.30625125000006
small,native-fused,Native fused AdamW,349,600,3.458994014189553,65536,9.977723420921393,11.038491750001413
small,native-fused,Native fused AdamW,349,700,3.2570674639850212,65536,11.637933378933667,12.763177917000576
small,native-fused,Native fused AdamW,349,800,3.1235524521125044,65536,13.300328506946244,14.490466709001339
small,native-fused,Native fused AdamW,349,900,3.044590697182346,65536,14.962728210954083,16.21724691700001
small,native-fused,Native fused AdamW,349,1000,2.966859042788026,65536,16.621281919960893,17.9406453340016
small,native-fused,Native fused AdamW,349,1100,2.8795055556427522,65536,18.28922995593166,19.67334716700134
small,native-fused,Native fused AdamW,349,1200,2.819038014192162,65536,19.946277745926636,21.394871125001373
small,native-fused,Native fused AdamW,349,1300,2.760367567830558,65536,21.608540081935644,23.1221425420008
small,native-fused,Native fused AdamW,349,1400,2.7048346977088853,65536,23.26954070293141,24.84720741700221
small,native-fused,Native fused AdamW,349,1500,2.6398972519199613,65536,24.930921037925145,26.57350358400072
small,native-fused,Native fused AdamW,349,1600,2.608526154550052,65536,26.58929457793056,28.296639750002214
small,native-fused,Native fused AdamW,349,1700,2.5706680005765867,65536,28.250462452924694,30.02234637500078
small,native-fused,Native fused AdamW,349,1800,2.5389261516070807,65536,29.91061420492042,31.746843249999074
small,native-fused,Native fused AdamW,349,1900,2.5191850639087567,65536,31.568933163915062,33.469286999999895
small,native-fused,Native fused AdamW,349,2000,2.497660989073276,65536,33.231840952914354,35.19697854200058
medium,native-fused,Native fused AdamW,401,100,3.685459758447626,65536,5.630692501006706,6.715944583000237
medium,native-fused,Native fused AdamW,401,200,3.6201982543488134,65536,11.276162874019064,12.545268750000105
medium,native-fused,Native fused AdamW,401,300,3.59639924137784,65536,16.90584674400816,18.360241124999447
medium,native-fused,Native fused AdamW,401,400,3.525104886856399,65536,22.538915119992453,24.177479750000202
medium,native-fused,Native fused AdamW,401,500,3.2711989344411165,65536,28.16229369998473,29.985006124999927
medium,native-fused,Native fused AdamW,401,600,3.1432901485279316,65536,33.786208577985235,35.79247791599846
medium,native-fused,Native fused AdamW,401,700,3.096119972425668,65536,39.42540144798113,41.615204458001244
medium,native-fused,Native fused AdamW,401,800,3.0498625673705693,65536,45.05844656799309,47.43217054100023
medium,native-fused,Native fused AdamW,401,900,3.008333852173233,65536,50.694001487001515,53.250978125000984
medium,native-fused,Native fused AdamW,401,1000,2.9571484938615162,65536,56.32252189798237,59.06336691600154
medium,native-fused,Native fused AdamW,401,1100,2.90183662682066,65536,61.973171025976626,64.89710283300155
medium,native-fused,Native fused AdamW,401,1200,2.824842869364325,65536,67.59257777798484,70.69989345800059
medium,native-fused,Native fused AdamW,401,1300,2.7667869438865424,65536,73.24086898700261,76.53199066600064
medium,native-fused,Native fused AdamW,401,1400,2.729796942211259,65536,78.8861105270189,82.36070625000139
medium,native-fused,Native fused AdamW,401,1500,2.6904167364031997,65536,84.51346256602483,88.17296166600136
medium,incidence-packed-flatnorm,Cotangent deterministic + packed,401,100,3.6855129763291523,65536,4.719618871018611,5.897477958998934
medium,incidence-packed-flatnorm,Cotangent deterministic + packed,401,200,3.6188525760971375,65536,9.437872284011974,10.79890691699984
medium,incidence-packed-flatnorm,Cotangent deterministic + packed,401,300,3.596926131726589,65536,14.251018527014821,15.795213749999675
medium,incidence-packed-flatnorm,Cotangent deterministic + packed,401,400,3.554582455240308,65536,18.976065186026972,20.70314850000068
medium,incidence-packed-flatnorm,Cotangent deterministic + packed,401,500,3.412261017985783,65536,23.690547642047022,25.601717083998665
medium,incidence-packed-flatnorm,Cotangent deterministic + packed,401,600,3.1594529168222834,65536,28.417104141029995,30.511300541998935
medium,incidence-packed-flatnorm,Cotangent deterministic + packed,401,700,3.1086099974662655,65536,33.14909313804674,35.42695908400128
medium,incidence-packed-flatnorm,Cotangent deterministic + packed,401,800,3.0566104786598225,65536,37.86664835207557,40.328375208999205
medium,incidence-packed-flatnorm,Cotangent deterministic + packed,401,900,3.0116239017820696,65536,42.673050517088996,45.31841058400096
medium,incidence-packed-flatnorm,Cotangent deterministic + packed,401,1000,2.961073584034206,65536,47.382464190086466,50.212491041998874
medium,incidence-packed-flatnorm,Cotangent deterministic + packed,401,1100,2.9171025593353406,65536,52.1003331000793,55.113820375001524
medium,incidence-packed-flatnorm,Cotangent deterministic + packed,401,1200,2.846803119074683,65536,56.829706557087775,60.02689575000113
medium,incidence-packed-flatnorm,Cotangent deterministic + packed,401,1300,2.794714970084009,65536,61.54677772809737,64.92677979200016
medium,incidence-packed-flatnorm,Cotangent deterministic + packed,401,1400,2.7591829782037043,65536,66.29007109408849,69.85317212500013
medium,incidence-packed-flatnorm,Cotangent deterministic + packed,401,1500,2.72708940858981,65536,71.0188755950876,74.76450437499807
small,native-fused,Native fused AdamW,367,100,3.693026221163661,65536,1.6672135409717157,2.3979800419983803
small,native-fused,Native fused AdamW,367,200,3.6176662397714856,65536,3.332194795977557,4.127922833999037
small,native-fused,Native fused AdamW,367,300,3.593701177551104,65536,5.0007535469922,5.861484124998242
small,native-fused,Native fused AdamW,367,400,3.570005010205346,65536,6.667451504989003,7.592667708999215
small,native-fused,Native fused AdamW,367,500,3.5276224763888853,65536,8.328591503992357,9.318494916999043
small,native-fused,Native fused AdamW,367,600,3.4835774830267754,65536,9.99035513198396,11.044955124998523
small,native-fused,Native fused AdamW,367,700,3.3976836610094945,65536,11.657679174986697,12.77689591699891
small,native-fused,Native fused AdamW,367,800,3.175115409083106,65536,13.299983129982138,14.483276458999171
small,native-fused,Native fused AdamW,367,900,3.0468719126845953,65536,14.936606343981111,16.183756708996953
small,native-fused,Native fused AdamW,367,1000,2.921596627236121,65536,16.586148341972148,17.89621562499815
small,native-fused,Native fused AdamW,367,1100,2.8414311281113687,65536,18.224324552957114,19.598381208998035
small,native-fused,Native fused AdamW,367,1200,2.790869900214091,65536,19.863005008955952,21.301565333997132
small,native-fused,Native fused AdamW,367,1300,2.7229650066481437,65536,21.52888283797438,23.03246437499911
small,native-fused,Native fused AdamW,367,1400,2.6602963989850643,65536,23.192980587995407,24.761588083998504
small,native-fused,Native fused AdamW,367,1500,2.626895696731119,65536,24.861602790999314,26.495434291999118
small,native-fused,Native fused AdamW,367,1600,2.5742190499814814,65536,26.540462083987222,28.239815958997497
small,native-fused,Native fused AdamW,367,1700,2.547746050754893,65536,28.212075210969488,29.976224416997866
small,native-fused,Native fused AdamW,367,1800,2.5206463306251865,65536,29.87542733198279,31.704049833999306
small,native-fused,Native fused AdamW,367,1900,2.4968682726653286,65536,31.5444139569845,33.437605958999484
small,native-fused,Native fused AdamW,367,2000,2.4834012303085524,65536,33.21412383298957,35.1743643339978
small,incidence-packed-flatnorm,Cotangent deterministic + packed,367,100,3.6930921227656883,65536,1.4778992970095715,2.1313977499994508
small,incidence-packed-flatnorm,Cotangent deterministic + packed,367,200,3.6156624269106206,65536,2.937595424027677,3.6556259999997565
small,incidence-packed-flatnorm,Cotangent deterministic + packed,367,300,3.5883903425435446,65536,4.398473169028875,5.181270041997777
small,incidence-packed-flatnorm,Cotangent deterministic + packed,367,400,3.564410006113983,65536,5.8639438320169575,6.7113406249991385
small,incidence-packed-flatnorm,Cotangent deterministic + packed,367,500,3.5311605894737608,65536,7.323070757007372,8.234769541999412
small,incidence-packed-flatnorm,Cotangent deterministic + packed,367,600,3.491354882464093,65536,8.787791010006913,9.76367804199981
small,incidence-packed-flatnorm,Cotangent deterministic + packed,367,700,3.4192402781871936,65536,10.250461095012724,11.291180374999385
small,incidence-packed-flatnorm,Cotangent deterministic + packed,367,800,3.2767801691714946,65536,11.721720348996314,12.827110999998695
small,incidence-packed-flatnorm,Cotangent deterministic + packed,367,900,3.124557174758845,65536,13.187677679987246,14.35812383299708
small,incidence-packed-flatnorm,Cotangent deterministic + packed,367,1000,3.016954246071586,65536,14.655713554981048,15.890845249999984
small,incidence-packed-flatnorm,Cotangent deterministic + packed,367,1100,2.928434286596835,65536,16.118385095996928,17.417881666999165
small,incidence-packed-flatnorm,Cotangent deterministic + packed,367,1200,2.889171883530159,65536,17.593842341997515,18.957876291999128
small,incidence-packed-flatnorm,Cotangent deterministic + packed,367,1300,2.8224281093336807,65536,19.05781667403062,20.48635491699679
small,incidence-packed-flatnorm,Cotangent deterministic + packed,367,1400,2.7707270072987735,65536,20.52230396604864,22.015654791997804
small,incidence-packed-flatnorm,Cotangent deterministic + packed,367,1500,2.7292633445391257,65536,21.98723367402272,23.54543791699689
small,incidence-packed-flatnorm,Cotangent deterministic + packed,367,1600,2.6853640473545854,65536,23.45148312402671,25.074116541996773
small,incidence-packed-flatnorm,Cotangent deterministic + packed,367,1700,2.6589188340750267,65536,24.919704162024573,26.60658062499715
small,incidence-packed-flatnorm,Cotangent deterministic + packed,367,1800,2.6256875562300124,65536,26.38689240601525,28.138414499997452
small,incidence-packed-flatnorm,Cotangent deterministic + packed,367,1900,2.603714235838188,65536,27.85338212001443,29.66958833299941
small,incidence-packed-flatnorm,Cotangent deterministic + packed,367,2000,2.59189786684102,65536,29.316011453011015,31.196800749999966
