size,seed,control,native_target_seconds,packed_target_seconds,native_target_step,packed_target_step,elapsed_reduction_fraction,training_reduction_fraction,complete_evaluation_reduction_fraction,native_test_bpb,packed_test_bpb,test_difference_bpb,identical_final_model_hash,validation_difference_bpb,both_reached
small,503,native-fused,17.02536216599765,13.852498416999879,900,900,0.18636101353159362,0.17070228514449792,0.14907715539619726,2.586037484725996,2.5827345089196787,-0.003302975806317221,False,-0.004049427975354458,True
small,509,native-fused,16.147111125002994,13.468909250001161,900,900,0.16586260255896612,0.1791283654786262,0.15871605515575193,2.5792036238361513,2.5834629422853332,0.004259318449181926,False,0.0033062272346207067,True
small,521,native-fused,18.99702087500191,13.462946083000134,1000,900,0.2913127710084289,0.20964267987981622,0.19072630284935688,2.6475913338615533,2.62370461292345,-0.02388672093810351,False,-0.023494661592472266,True
small,523,native-fused,16.49485766700309,14.47201099999802,900,900,0.12263498769387049,0.16354443857966405,0.13682905479511498,2.556832187937441,2.5712551945176827,0.014423006580241537,False,0.014078959378615252,True
small,541,native-fused,14.404417249999824,12.018672040998354,800,800,0.1656259442916026,0.17377719030248506,0.15283174714510306,2.5291883117389062,2.513529838997469,-0.01565847274143728,False,-0.016121740623561642,True
small,547,native-fused,18.308653416999732,14.403105249999498,1000,900,0.2133170625958707,0.14409198952157865,0.13092930594621055,2.668127877955659,2.6751095653964603,0.0069816874408012985,False,0.008806338494089516,True
small,557,native-fused,19.522675500000332,15.042192583001452,1000,1000,0.2295014798047944,0.21744018527982079,0.20082809733724816,2.6326857406511577,2.6406742172365485,0.007988476585390814,False,0.008922180120542134,True
small,563,native-fused,15.990196541999467,13.478904457999306,900,900,0.15705198353278904,0.17642558742724368,0.15626418738148984,2.611133476629632,2.623044847407947,0.011911370778315167,False,0.011358917627168896,True
small,569,native-fused,16.168409542002337,13.623983125002269,900,900,0.1573702354823553,0.1698835680402324,0.14781618134697883,2.6505838569078453,2.688258409751541,0.0376745528436957,False,0.04114672298581867,True
small,571,native-fused,16.495122541000455,13.304876082998817,900,900,0.193405441521997,0.21428441225970452,0.2013610098058216,2.597874944490144,2.5931688652669966,-0.004706079223147253,False,-0.003991479846392032,True
small,577,native-fused,18.557578957999795,15.891419415998826,1000,1000,0.14366957823728632,0.17917133253381168,0.15528393968735688,2.7083983078975615,2.7199896688935663,0.011591360996004774,False,0.012964577939094113,True
small,587,native-fused,16.17476862499825,13.337331041999278,900,900,0.17542368912861528,0.17840761646075487,0.15717997089752134,2.5900541116205913,2.584898528075756,-0.005155583544835363,False,-0.00790647488400964,True
small,593,native-fused,14.585954166999727,11.911222833998181,800,800,0.1833771930432253,0.1842380248430473,0.166642386845532,2.502343994658812,2.5264904040246443,0.024146409365832344,False,0.02247862512687515,True
small,599,native-fused,16.228143832999194,13.593246500000532,900,900,0.16236590950350815,0.18016325287961055,0.157765957624032,2.6942236870990977,2.6970301487889787,0.002806461689881079,False,0.005149679709031574,True
small,601,native-fused,14.415777917001833,12.026949666000291,800,800,0.16570928497616355,0.1796716933695499,0.15910834896190873,2.5533349261721785,2.590297803704508,0.03696287753232941,False,0.03731716272540364,True
small,607,native-fused,14.390957833002176,11.976872125000227,800,800,0.1677501759101696,0.1720325277233059,0.1490289686813262,2.561610900752735,2.5285724270017855,-0.03303847375094948,False,-0.03250167525129832,True
small,613,native-fused,16.454563792001863,13.495666250000795,900,900,0.17982230215299366,0.1835063032091665,0.16320251645598483,2.623332709244206,2.610350012119015,-0.012982697125190956,False,-0.01506661159564393,True
small,617,native-fused,14.63387212499947,12.051590208000562,800,800,0.17645923751018167,0.17332968110751112,0.15390911001669694,2.6209739399278273,2.6271938999443,0.0062199600164727364,False,0.008270658954646404,True
small,619,native-fused,16.246795209000993,13.246392625002045,900,900,0.18467658054412328,0.18650616165324474,0.16624432466869987,2.6140921695437873,2.592130691169501,-0.021961478374286525,False,-0.024082377355792772,True
small,631,native-fused,16.129171625001618,13.456299875000695,900,900,0.1657166165841858,0.17803539541039493,0.15713685906787123,2.6374626518152975,2.6456433489204265,0.008180697105129031,False,0.010725942317842296,True
small,641,native-fused,16.0963175830002,13.219926208003017,900,900,0.17869872162779799,0.18516852554861007,0.16382801156135496,2.607689679007423,2.6164584282069576,0.008768749199534742,False,0.01018406527574367,True
small,643,native-fused,16.120824249999714,13.45512354099992,900,900,0.16535759385875326,0.17882383325524176,0.15797140962117728,2.5998341498005284,2.6028512164445328,0.0030170666440043625,False,0.0033628486558989756,True
small,647,native-fused,16.23506058399653,13.339424750000035,900,900,0.17835694662271995,0.18746039290501393,0.1667951199856227,2.611680982250427,2.607371477030845,-0.004309505219581844,False,-0.0029035843658040683,True
small,653,native-fused,14.708715500000835,11.95271566700103,800,800,0.18737189069974525,0.1903446850442695,0.16959791133786095,2.5412182930295697,2.539372596837943,-0.0018456961916268888,False,-0.004158880310434654,True
small,659,native-fused,16.092249416000413,13.498980333999498,900,900,0.161150191931679,0.18567806711417523,0.1643285004744126,2.6195055071762248,2.5587844375800737,-0.06072106959615109,False,-0.06838557898274322,True
medium,751,native-fused,35.73451820899936,26.449597417002224,600,600,0.25983058558933725,0.2786522906599853,0.24784656690687445,2.6167474658121885,2.759875777168415,0.1431283113562265,False,0.1452507547809576,True
medium,757,native-fused,36.63711024999793,26.463560542000778,600,600,0.2776842834649528,0.27804272570740507,0.24670300909445508,2.767411708788456,2.791814553115263,0.02440284432680695,False,0.024578489219841515,True
medium,761,native-fused,35.7807197919974,26.351097708000452,600,600,0.263539194818153,0.27887999966709975,0.24826641580400588,2.8502174014713173,2.602113429796104,-0.24810397167521314,False,-0.24999565706399585,True
