size,arm,method,seed,comparison,final_model_sha256,parameters,steps,tokens,training_seconds,target_seconds,target_step,test_bpb,validation_bpb,evaluation_completed_seconds,peak_driver_mib
small,native-bucket,Cotangent native + bucketed norms,571,primary,3f5cce789d52e83c2c7f62098c478dc49c3e27d1e04f35950a4ad95ec0e2b032,3346944,2000,4096000,26.928002592074336,13.304876082998817,900,2.5931688652669966,2.5716473988018946,31.196833124999102,1068.90625
small,native-fused,Native fused AdamW,571,primary,0c589e4622ce017f4085ede2e392eaa81804785ae14493ebb5516e925869bb14,3346944,2000,4096000,34.27194650613819,16.495122541000455,900,2.597874944490144,2.5756388786482867,39.06249695799852,244.90625
small,incidence-fused,Deterministic-gradient native control,733,equivalence,f92e55f8c571fd7e3aae6b9dab2a1dc60fdb248a73d8c91aa807d09991209c47,3346944,2000,4096000,34.80356347402267,15.20031816700066,800,2.514572476557583,2.48615156792941,39.536034625001776,244.90625
small,incidence-bucket,Deterministic-gradient Cotangent,733,equivalence,f92e55f8c571fd7e3aae6b9dab2a1dc60fdb248a73d8c91aa807d09991209c47,3346944,2000,4096000,28.3351987249589,12.668354082998121,800,2.514572476557583,2.48615156792941,33.26445316700119,1068.90625
small,native-bucket,Cotangent native + bucketed norms,523,primary,23508f277a2d91f592ac948933fc8b2591d20c294f1e16420002b34eb71052d5,3346944,2000,4096000,28.24368179395242,14.47201099999802,900,2.5712551945176827,2.5459136479392592,32.873732915999426,1068.90625
small,native-fused,Native fused AdamW,523,primary,f87c947b7767848764b42f01e06564aa39e36ef0dfbfebeb6178e4e63c4187f7,3346944,2000,4096000,33.76590831196518,16.49485766700309,900,2.556832187937441,2.531834688560644,38.08484645900171,244.90625
medium,incidence-bucket,Deterministic-gradient Cotangent,811,equivalence,b65fe7f4be1e5dcce9b131acb689a700e93b86a0ddad060f9b5bb00c50cdfb2c,19280896,1500,3072000,66.11806321206313,27.028132874998846,600,2.830321290848581,2.8044950534584485,79.0863098339978,1158.9375
medium,incidence-fused,Deterministic-gradient native control,811,equivalence,b65fe7f4be1e5dcce9b131acb689a700e93b86a0ddad060f9b5bb00c50cdfb2c,19280896,1500,3072000,92.73409837100189,39.98262116600017,600,2.830321290848581,2.8044950534584485,104.87234295799863,1214.9375
small,incidence-fused,Deterministic-gradient native control,719,equivalence,928a2efb29b7fed5e5abc57be4335881aec88f2d58eb7ab4ad9400021b5f5c7f,3346944,2000,4096000,33.557490931005304,16.24952950000079,900,2.543122212286059,2.5195965102860574,37.830959625000105,244.90625
small,incidence-bucket,Deterministic-gradient Cotangent,719,equivalence,928a2efb29b7fed5e5abc57be4335881aec88f2d58eb7ab4ad9400021b5f5c7f,3346944,2000,4096000,27.53546787702362,13.559997416999977,900,2.543122212286059,2.5195965102860574,31.779579124999145,1068.90625
small,incidence-fused,Deterministic-gradient native control,701,equivalence,fe264de4db48d9003c3269926b78891ce323ebad33fee664e0abd6701a1ed452,3346944,2000,4096000,33.62967273717004,14.449682999998913,800,2.5182380539223375,2.489823391437057,37.88587879199986,244.90625
small,incidence-bucket,Deterministic-gradient Cotangent,701,equivalence,fe264de4db48d9003c3269926b78891ce323ebad33fee664e0abd6701a1ed452,3346944,2000,4096000,27.615517162885226,12.136138541001856,800,2.5182380539223375,2.489823391437057,31.933947000001353,1068.90625
small,native-fused,Native fused AdamW,557,primary,7602f0e42223f59e00eb20879681548d123e1d55fa20aae297030c2232cc25d6,3346944,2000,4096000,34.74001315898204,19.522675500000332,1000,2.6326857406511577,2.608971390744096,39.50348820799991,244.890625
small,native-bucket,Cotangent native + bucketed norms,557,primary,9414fbcd64f4abb5d79b8fbbbe140e75bb7f461fb7095c63965da8bf043e9b66,3346944,2000,4096000,27.186138261069573,15.042192583001452,1000,2.6406742172365485,2.6178935708646383,31.57007783300287,1068.90625
small,native-fused,Native fused AdamW,619,primary,d2c1a7f688af7dd14a5454a612ff40dd74af59742568035b51ace6af6d4ff8df,3346944,2000,4096000,33.31744059195262,16.246795209000993,900,2.6140921695437873,2.5922518353559316,37.62907804199858,244.90625
small,native-bucket,Cotangent native + bucketed norms,619,primary,4c51d97406d0af33bb50f07aeaf3f6ceadfabf4e8d3dde30a92d0cd54a099fe4,3346944,2000,4096000,27.103532631037524,13.246392625002045,900,2.592130691169501,2.568169458000139,31.373457375000726,1068.90625
small,native-fused,Native fused AdamW,569,primary,3ed2565aebf9f6bab61b472b58779340cccdfdd7a13793cbe382b266be8d4d06,3346944,2000,4096000,33.16683447291507,16.168409542002337,900,2.6505838569078453,2.625564209238004,37.38271716700183,244.90625
small,native-bucket,Cotangent native + bucketed norms,569,primary,255e295604bf6d41480927663684c76434e1850d128287ac2e48173c527d67e3,3346944,2000,4096000,27.532334292056476,13.623983125002269,900,2.688258409751541,2.6667109322238227,31.856946667001466,1068.90625
small,native-fused,Native fused AdamW,613,primary,1423253a28567a846c20a1df3eb173426f28716d093ec329682f309f7a5f94e8,3346944,2000,4096000,33.527756226023484,16.454563792001863,900,2.623332709244206,2.602250586356588,37.81625666700347,244.90625
small,native-bucket,Cotangent native + bucketed norms,613,primary,950e25bfff780421cef4fcb956f2d20c4512573f70264b96ebc5f81091a28ca4,3346944,2000,4096000,27.3752016260878,13.495666250000795,900,2.610350012119015,2.587183974760944,31.64454841600309,1068.90625
small,incidence-bucket,Deterministic-gradient Cotangent,727,equivalence,945d0a583062ef737a05c6a1b4a26ecd6bd241bc79eb4ff97f0e72a41c019eb3,3346944,2000,4096000,27.433099352969293,13.533108125000581,900,2.591498597735627,2.5611792813917176,31.781385250000312,1068.90625
small,incidence-fused,Deterministic-gradient native control,727,equivalence,945d0a583062ef737a05c6a1b4a26ecd6bd241bc79eb4ff97f0e72a41c019eb3,3346944,2000,4096000,33.634720469024614,16.49180825000076,900,2.591498597735627,2.5611792813917176,37.99420587499844,244.90625
small,native-bucket,Cotangent native + bucketed norms,587,primary,54330d82aaef5552744364a49bbda37ad95c0a9b605fe7d2b18edeb89dd841d0,3346944,2000,4096000,27.221747957992193,13.337331041999278,900,2.584898528075756,2.5567952578012334,31.491143125000235,1068.90625
small,native-fused,Native fused AdamW,587,primary,7cedbc219d7a960cdd318666b2c5e1b2d06ad618762e76b1d46e72d8682f7a1c,3346944,2000,4096000,33.13291177399515,16.17476862499825,900,2.5900541116205913,2.564701732685243,37.36401845900036,244.90625
small,native-fused,Native fused AdamW,647,primary,b9af542e18ea1e59b3479f20ff51d216651d35040f3e134c067b06218a58002f,3346944,2000,4096000,33.36880269997346,16.23506058399653,900,2.611680982250427,2.5849366320631324,37.67328245899989,244.90625
small,native-bucket,Cotangent native + bucketed norms,647,primary,29129afa7e6ae9e47570b943cee74efa00e66e8e1655ea689f55cd092176a7e9,3346944,2000,4096000,27.113473835066543,13.339424750000035,900,2.607371477030845,2.5820330476973283,31.389562790998752,1068.90625
medium,native-fused,Native fused AdamW,751,descriptive,7abb37d5fbc7c7113a5c220b835b1a33fb60bef4a9dee5bdedc36b1c96e5562e,19280896,1500,3072000,84.39817362107715,35.73451820899936,600,2.6167474658121885,2.5881707966857284,94.99161299999832,1214.9375
medium,native-bucket,Cotangent native + bucketed norms,751,descriptive,5b6ad93f6505bbe61e798c81bedef8dbee220897aa59f505a36f863a0f6d4dd8,19280896,1500,3072000,60.88042921404485,26.449597417002224,600,2.759875777168415,2.733421551466686,71.44826783300232,1158.9375
small,native-fused,Native fused AdamW,593,primary,c9756f4eb78a57788564c20b9e4a4050f579754f25882558ba6a89a8f43a0fa0,3346944,2000,4096000,33.345543544990505,14.585954166999727,800,2.502343994658812,2.4758377497981194,37.75367591699978,244.90625
small,native-bucket,Cotangent native + bucketed norms,593,primary,ef4c4117b3285325f5dae1a911da252a98f1db1a66267d8725ac33db95fbdee9,3346944,2000,4096000,27.20202646494363,11.911222833998181,800,2.5264904040246443,2.4983163749249946,31.46231324999826,1068.90625
small,native-bucket,Cotangent native + bucketed norms,547,primary,f1e318e6bd4687c32f8b795b6efbb0d97d1b72fb1063fa93648f0fdc022adda1,3346944,2000,4096000,29.27625686896863,14.403105249999498,900,2.6751095653964603,2.6527178932910864,33.71068091699999,1068.90625
small,native-fused,Native fused AdamW,547,primary,13594b17f7af8864566ad019af61c3cc955b0e040be99a0265a4c43d57a3d9f9,3346944,2000,4096000,34.20491046999814,18.308653416999732,1000,2.668127877955659,2.643911554796997,38.789342625001154,244.90625
small,native-fused,Native fused AdamW,577,primary,dff9366a1b817e6bb257c9fe5e9c7ffc3d30706b2e8006953d4fbdde9ff9f96c,3346944,2000,4096000,34.41712054994423,18.557578957999795,1000,2.7083983078975615,2.686518572052014,38.80839708300118,244.90625
small,native-bucket,Cotangent native + bucketed norms,577,primary,49e485bcfb061219e3a923822ebb2065d5c578dae9b989f788174ee830e70989,3346944,2000,4096000,28.250559199033887,15.891419415998826,1000,2.7199896688935663,2.6994831499911083,32.78207629100143,1068.90625
small,incidence-bucket,Deterministic-gradient Cotangent,709,equivalence,a4ede78b17ee3a870ab2833d4c70daaf8be633ca8de38c4cbbd46d862246736f,3346944,2000,4096000,27.326168941941432,13.434357832997193,900,2.5484174919802083,2.523296006374592,31.617866458000208,1068.90625
small,incidence-fused,Deterministic-gradient native control,709,equivalence,a4ede78b17ee3a870ab2833d4c70daaf8be633ca8de38c4cbbd46d862246736f,3346944,2000,4096000,33.65831321202131,16.482460750001337,900,2.5484174919802083,2.523296006374592,37.94098566699904,244.90625
small,native-fused,Native fused AdamW,659,primary,6d71cc7a157ce11883015b2b3d890aeace7538c309ec0795e88a9d893d915b68,3346944,2000,4096000,33.326157290051924,16.092249416000413,900,2.6195055071762248,2.599434234380882,37.56958129100167,244.90625
small,native-bucket,Cotangent native + bucketed norms,659,primary,3d35edc3b170d81243c49c0e4655333ef1fb81d586e4a0544e2469bbb988794d,3346944,2000,4096000,27.1382208200921,13.498980333999498,900,2.5587844375800737,2.5310486553981386,31.395828333999816,1068.90625
medium,native-fused,Native fused AdamW,761,descriptive,7b20651650038036c026b301c5a7b7f7454a28e400e4a32ab8f51595f84d7c25,19280896,1500,3072000,84.46282533397607,35.7807197919974,600,2.8502174014713173,2.8265429163998355,94.9175244170001,1214.9375
medium,native-bucket,Cotangent native + bucketed norms,761,descriptive,cb63e34761a36313623b83cc6fab0c1cbc245d30199a4769e808550e12fb9da8,19280896,1500,3072000,60.90783263295452,26.351097708000452,600,2.602113429796104,2.5765472593358396,71.35269083300227,1158.9375
small,native-bucket,Cotangent native + bucketed norms,653,primary,310149b2d940b732de0a5a1f3ce042584db17598a8398b6b15eb039bf6537252,3346944,2000,4096000,27.099413341031322,11.95271566700103,800,2.539372596837943,2.511172181333156,31.418987791999825,1068.90625
small,native-fused,Native fused AdamW,653,primary,ca808d4163c886a21dbb10f95da02dcbc575247a0ca9f6ea7bc1b5c361b3db2a,3346944,2000,4096000,33.47030871095194,14.708715500000835,800,2.5412182930295697,2.5153310616435904,37.83587279099811,244.90625
small,native-bucket,Cotangent native + bucketed norms,599,primary,83124d9d01c424742ce68ae169352382b4a1414e1f1ad4bf6b535203c9060342,3346944,2000,4096000,27.31287891500324,13.593246500000532,900,2.6970301487889787,2.6786188319425523,31.74014070799967,1068.90625
small,native-fused,Native fused AdamW,599,primary,bb8f7aaa9385e6bc8406049289e6e60a507bc88c10652faeaad624e657db6da3,3346944,2000,4096000,33.31502157098657,16.228143832999194,900,2.6942236870990977,2.6734691522335208,37.68565399999716,244.90625
small,native-bucket,Cotangent native + bucketed norms,617,primary,85d6883533c6a48c4c178c55e8c000246d79d439f1a550adfb9c7aaeec2dbb2a,3346944,2000,4096000,27.61786112397749,12.051590208000562,800,2.6271938999443,2.603511172359837,31.993577208002534,1068.90625
small,native-fused,Native fused AdamW,617,primary,c6aa42c9f3bf3b2b1b1db82b3e7bdc7c12cbf595f2d5fd7b31bfa93a6122f293,3346944,2000,4096000,33.40855537305106,14.63387212499947,800,2.6209739399278273,2.595240513405191,37.81340466700203,244.90625
small,native-fused,Native fused AdamW,601,primary,c2089afe7c52f2cb2f7b5a18ab0e10585964b87ce73addc42fd74c3f0f2ad118,3346944,2000,4096000,33.329644373010524,14.415777917001833,800,2.5533349261721785,2.5281900454577646,37.57930495800247,244.90625
small,native-bucket,Cotangent native + bucketed norms,601,primary,75af70f6431964cd3dfbc655496cf810bacd6e02b5173bf752eb887b0bcb4df1,3346944,2000,4096000,27.341250729106832,12.026949666000291,800,2.590297803704508,2.5655072081831682,31.600123790998623,1068.90625
small,native-bucket,Cotangent native + bucketed norms,509,primary,d6082c03c947af54b45320b94f35c143a97ebe00e32ff9ffb613d0c95636184e,3346944,2000,4096000,27.35958127504273,13.468909250001161,900,2.5834629422853332,2.5574038332009934,31.609958500001085,1068.90625
small,native-fused,Native fused AdamW,509,primary,a59565131e08b3285ce1218aeadfd556516a945fd4af9591af701140b1c8a0b3,3346944,2000,4096000,33.32991435499571,16.147111125002994,900,2.5792036238361513,2.5540976059663727,37.57347170800131,244.90625
medium,native-bucket,Cotangent native + bucketed norms,757,descriptive,3206211424ab26befb241c5140058310fd925f89a1b7a82d4a0a6e9067baefdb,19280896,1500,3072000,62.11419933509751,26.463560542000778,600,2.791814553115263,2.770437683419559,73.04135929200129,1158.9375
medium,native-fused,Native fused AdamW,757,descriptive,e2221e29658f9d624eba5eab9be1f590bd292034d16d5d1dd425ef45e10f5a2e,19280896,1500,3072000,86.03583833400626,36.63711024999793,600,2.767411708788456,2.7458591941997175,96.96223424999698,1214.9375
small,native-fused,Native fused AdamW,503,primary,f30598a3d474ee5ccae958f8e36f29985bf78b07cb32e1f6630378e3c174bea2,3346944,2000,4096000,34.15968848291959,17.02536216599765,900,2.586037484725996,2.564332405617763,38.608304207999026,244.90625
small,native-bucket,Cotangent native + bucketed norms,503,primary,93d3bfa21df91f964fbd5b9e89a05e07d3fe72f2493287ce2fe0ed31f804224b,3346944,2000,4096000,28.32855159906103,13.852498416999879,900,2.5827345089196787,2.5602829776424088,32.8526880419995,1068.90625
small,native-fused,Native fused AdamW,521,primary,ee4268087ed05e0807c72c1a506bcf6d5b6703a64218893b75d76b5edfb8ad5e,3346944,2000,4096000,34.30407898404155,18.99702087500191,1000,2.6475913338615533,2.6239486904179063,38.7055375830023,244.90625
small,native-bucket,Cotangent native + bucketed norms,521,primary,084c847c86eb144bae79f744dc7b5c191ba7db8e2db566eb57be58ab8a5e0943,3346944,2000,4096000,27.1124799350182,13.462946083000134,900,2.62370461292345,2.600454028825434,31.323373499999434,1068.90625
small,native-bucket,Cotangent native + bucketed norms,607,primary,5e8d1fbeed9bad6a2a6e32c2915f01695f2bf60038179743172e47c69965f906,3346944,2000,4096000,27.34991269206148,11.976872125000227,800,2.5285724270017855,2.50501018010729,31.703613249999762,1068.90625
small,native-fused,Native fused AdamW,607,primary,2904e69e7048d0346aff4a04c4cc938eee3d10ffe90fb92a8f521fb293592d2c,3346944,2000,4096000,33.03259319699646,14.390957833002176,800,2.561610900752735,2.5375118553585883,37.255807875000755,244.90625
small,native-fused,Native fused AdamW,641,primary,2eef1470d2fe84ba2393687fdb60e1f751b91a32a68e618af18e369008cb0bb6,3346944,2000,4096000,33.20335106007769,16.0963175830002,900,2.607689679007423,2.5856484283987315,37.410005875000934,244.90625
small,native-bucket,Cotangent native + bucketed norms,641,primary,90e8b04b42f208e1f2fa882a7fe26f45efb1bf714363d5f3bb6e7c663785331e,3346944,2000,4096000,27.055135501010227,13.219926208003017,900,2.6164584282069576,2.595832493674475,31.281199000000925,1068.90625
small,native-bucket,Cotangent native + bucketed norms,563,primary,7aab6cbf414cdd93c19a543ad3fc16b8eaf3de9c8c2550eaeb666c931ddf2231,3346944,2000,4096000,27.289403582974046,13.478904457999306,900,2.623044847407947,2.598539256629158,31.516537249997782,1068.90625
small,native-fused,Native fused AdamW,563,primary,cbb5dfd3aaca4e905cb4d6c930ddfb17be251030c6392d46b9e3f5d56158dec1,3346944,2000,4096000,33.135322280988476,15.990196541999467,900,2.611133476629632,2.587180339001989,37.35356112500085,244.90625
small,native-fused,Native fused AdamW,541,primary,86294d8626ac07484c6f27ae815b5f19f9f4cb3c336d5c2319d658a86323beaf,3346944,2000,4096000,33.06098808398019,14.404417249999824,800,2.5291883117389062,2.5027490524440514,37.27677237500029,244.90625
small,native-bucket,Cotangent native + bucketed norms,541,primary,244887305a56a59fac4649c9d3d63b0edf03b292f7425ad1223d28d2d512e706,3346944,2000,4096000,27.315742466122174,12.018672040998354,800,2.513529838997469,2.48662731182049,31.579698124998686,1068.90625
medium,incidence-fused,Deterministic-gradient native control,809,equivalence,82c5506043578bf04452e7c558485dda564742c575e21a207525ca15f258c747,19280896,1500,3072000,84.59717070408806,41.598238291997404,700,2.8357117003428725,2.8102276068079437,95.0104819579974,1214.9375
medium,incidence-bucket,Deterministic-gradient Cotangent,809,equivalence,82c5506043578bf04452e7c558485dda564742c575e21a207525ca15f258c747,19280896,1500,3072000,60.768155112004024,30.637852500000008,700,2.8357117003428725,2.8102276068079437,71.27524733300015,1158.9375
small,native-bucket,Cotangent native + bucketed norms,631,primary,db7c8b5599975890a80dccfbb71bcaf208ee8a972ed62dfbc5dbba2f9647e3d0,3346944,2000,4096000,27.313736534950294,13.456299875000695,900,2.6456433489204265,2.624420915573426,31.57480900000155,1068.90625
small,native-fused,Native fused AdamW,631,primary,8388527b3cb9a6102d521480294602c329d3453c5db58e4402f4703dbe2c570b,3346944,2000,4096000,33.229820824933995,16.129171625001618,900,2.6374626518152975,2.613694973255584,37.461371208002674,244.90625
small,native-bucket,Cotangent native + bucketed norms,643,primary,4b260bfba91cd81eb7713aa1ff640336f29c4c4a09d61f86e34d2608ca4e0d01,3346944,2000,4096000,27.298220685079286,13.45512354099992,900,2.6028512164445328,2.5774538096081225,31.558266041000024,1068.90625
small,native-fused,Native fused AdamW,643,primary,6c993ef66149fbf25235980b49f53e9402164b75b5cb562c71ecc250ed5d6b96,3346944,2000,4096000,33.24283118602034,16.120824249999714,900,2.5998341498005284,2.5740909609522236,37.47885333299928,244.90625
