model,seed,baseline,candidate,training_reduction,total_reduction,test_difference,validation_difference,native_seconds,candidate_seconds,native_test_bpb,candidate_test_bpb,identical_final_hash
transformer-small,3001,compile-native,compile-bucket,0.23971132212932145,0.1868498268449027,0.03751605878559605,0.04014377969114857,16.122396662925894,12.257675642962568,3.097297401194917,3.134813459980513,False
transformer-small,3002,compile-native,compile-bucket,0.24103740544350016,0.1964180877781755,0.0035617169267299076,0.003609173355039186,14.70401429386402,11.159796838866896,3.010325328092809,3.0138870450195387,False
transformer-small,3003,compile-native,compile-bucket,0.2204446658488396,0.1715111870491105,-0.011336228174933627,-0.0105366089071115,14.324335323930427,11.166612009939854,3.0886212240735955,3.077284995898662,False
transformer-small,3004,compile-native,compile-bucket,0.2345809588415454,0.17711513367594078,0.0047407337430032115,0.0051673202680389,16.139686407957925,12.353623294977297,2.996284742048876,3.001025475791879,False
transformer-small,3005,compile-native,compile-bucket,0.23238408782051656,0.17979950989656035,0.004007647943226722,0.0027373382801347823,16.122202384998673,12.375659090103,3.072095911061177,3.076103559004404,False
transformer-small,3006,compile-native,compile-bucket,0.23409045806056372,0.18200976210858788,0.020603845152256106,0.020961690313466175,16.353324024887115,12.52516691308847,3.1126412099359055,3.1332450550881616,False
transformer-small,3007,compile-native,compile-bucket,0.23706890632595967,0.18328854631507896,-0.00515071037382997,-0.005594288576227235,16.067261465155752,12.258213361958042,3.079417208807886,3.074266498434056,False
transformer-small,3008,compile-native,compile-bucket,0.24638250047607368,0.14111816738530203,-0.008241485220016553,-0.007134152664665994,14.571932703081984,10.981663486927573,3.0522432551201857,3.044001769900169,False
transformer-small,3009,compile-native,compile-bucket,0.23035553154331112,0.1780985026031322,0.0031457519757860375,0.004128768169892272,16.136226138107304,12.419157188960526,2.9689221588372496,2.9720679108130357,False
transformer-small,3010,compile-native,compile-bucket,0.23913902452129332,0.18606408909508976,-0.01722806616875916,-0.019458723281785772,14.665257671869767,11.158222257865418,3.0469265236616403,3.029698457492881,False
transformer-small,3011,compile-native,compile-bucket,0.2375918128759108,0.1823970847392702,0.007175600751413214,0.006690915451416313,14.632281166981556,11.155770958008361,3.0912933278022363,3.0984689285536495,False
transformer-small,3012,compile-native,compile-bucket,0.23337298820263364,0.18242642272067655,0.005030258721241854,0.005566038950120422,16.32439825800975,12.514724655928148,3.0841099480016805,3.0891402067229223,False
transformer-medium,3001,compile-native,compile-bucket,0.3520794193844283,0.30302402159473063,0.009208710976760681,0.008764646724809033,54.04862344195135,35.01921548198152,2.9141001073368855,2.923308818313646,False
transformer-medium,3002,compile-native,compile-bucket,0.32718265941740454,0.2763004605713224,-0.14838603415536555,-0.14665951748126105,59.31398429101682,39.90747717003978,2.934411050986114,2.7860250168307483,False
transformer-medium,3003,compile-native,compile-bucket,0.3497317205506193,0.2934004117854917,0.008171448692461336,0.008541849420273806,54.2438957950435,35.273084789274435,2.9250209447960303,2.9331923934884916,False
transformer-medium,3004,compile-native,compile-bucket,0.3283035857681237,0.27553115239745196,0.015121901058383624,0.014813502711058746,59.363670461956644,39.87436458493903,2.8738582958974015,2.888980196955785,False
transformer-medium,3005,compile-native,compile-bucket,0.3498233448798739,0.29649663487581646,0.02778587820645262,0.025913513866087978,54.26149496803555,35.27955730013491,2.901360568413709,2.9291464466201615,False
transformer-medium,3006,compile-native,compile-bucket,0.35270866677578916,0.29928210846279235,0.026521900520910524,0.02935809539557166,54.15119278894417,35.05159777603694,2.87765942354621,2.9041813240671206,False
transformer-medium,3007,compile-native,compile-bucket,0.3158600283167289,0.26260395537969516,-0.016392863899773236,-0.014217684673472064,58.41922032509319,39.966923738968035,2.9141835503109603,2.897790686411187,False
transformer-medium,3008,compile-native,compile-bucket,0.3506419716440401,0.2980783806448325,-0.1558396820952641,-0.15628895442422808,54.21105059570982,35.202380929935316,2.885310568537381,2.729470886442117,False
transformer-medium,3009,compile-native,compile-bucket,0.35006760183073327,0.29481684630713667,0.06485356863929637,0.06205413473897359,54.324589458075934,35.307310706048156,2.857926101498097,2.9227796701373934,False
transformer-medium,3010,compile-native,compile-bucket,0.33009486989508263,0.2766682761987952,-0.012906411462660472,-0.012685386080880434,59.50324909705523,39.86153182802809,2.8822545075407873,2.869348096078127,False
transformer-medium,3011,compile-native,compile-bucket,0.3521893717695872,0.29183511618563596,0.016831927249572942,0.017661127100698337,54.16457388010895,35.08838663310598,2.912695424129253,2.929527351378826,False
transformer-medium,3012,compile-native,compile-bucket,0.32933221141334,0.2800983732483755,-0.0007824702940029127,0.001379106483686332,59.78982939894922,40.099112662966945,2.911802022225826,2.911019551931823,False
gated-gqa,3001,compile-native,compile-bucket,0.3275263628126467,0.2637902607884739,0.048106652664881455,0.046104273335430435,32.74288808683923,22.018729043775238,3.0980751568562264,3.146181809521108,False
gated-gqa,3002,compile-native,compile-bucket,0.310405918336759,0.2556550603938078,0.09407388651023796,0.09692134374256911,36.10827769699972,24.900054598903807,3.030730215299934,3.124804101810172,False
gated-gqa,3003,compile-native,compile-bucket,0.3111638434141002,0.2504079680345137,0.013010435650608443,0.015634229002147837,36.316372750967275,25.0160306269172,3.050491186137158,3.0635016217877666,False
gated-gqa,3004,compile-native,compile-bucket,0.3091894154114775,0.24675027376214997,-0.039312097748200436,-0.03904122784805253,35.974074660065526,24.851271545951022,3.0651960812986565,3.025883983550456,False
gated-gqa,3005,compile-native,compile-bucket,0.31446986851248715,0.24576230961535395,0.005976245833790195,0.006006045970944118,36.34436248912243,24.91515559599793,3.0515141717231207,3.057490417556911,False
gated-gqa,3006,compile-native,compile-bucket,0.3268759089581249,0.26402851109913217,0.0048874138011685275,0.009243351759343543,32.75676767085679,22.049369463915355,3.0093049000429506,3.014192313844119,False
gated-gqa,3007,compile-native,compile-bucket,0.3275142243228746,0.2651777579163175,0.08973783553797121,0.09138863582136114,32.75693864709319,22.028575294898474,3.082420081506257,3.172157917044228,False
gated-gqa,3008,compile-native,compile-bucket,0.31173600646447464,0.2535465426949024,0.020355989011956677,0.02532423418370966,36.08366489184118,24.83508729985624,2.997798317755267,3.0181543067672236,False
gated-gqa,3009,compile-native,compile-bucket,0.30634634677124806,0.24045552641528156,0.06520635705679068,0.06375758106525353,36.311805090001144,25.187816256009683,3.035366830762185,3.1005731878189757,False
gated-gqa,3010,compile-native,compile-bucket,0.3278366061317536,0.2669853642202743,-0.0009169281970011767,-0.0013041588343276622,32.653310992973275,21.948360338072234,3.033664440012232,3.0327475118152307,False
gated-gqa,3011,compile-native,compile-bucket,0.30778316650442983,0.24094463496006935,0.006681823887021654,0.00703583843502642,36.298303919007594,25.126297000075283,3.0470262221549755,3.053708046041997,False
gated-gqa,3012,compile-native,compile-bucket,0.3052088915805061,0.24017901011387055,0.018926900486300635,0.016846982303173164,36.06777262016112,25.05956771698402,2.994084422327903,3.0130113228142035,False
causal-conv,3001,compile-native,compile-bucket,0.274776626839376,0.2023320774964661,-2.4103674436837252e-05,-1.3858000143862625e-05,15.85381846412929,11.497559704032028,2.3038073721396133,2.3037832684651764,False
causal-conv,3002,compile-native,compile-bucket,0.2710173146720506,0.18104077943862162,1.1388917079635519e-05,3.83939200112593e-05,17.878774438046094,13.03331700021954,2.314105948074124,2.314117336991204,False
causal-conv,3003,compile-native,compile-bucket,0.2718459702267365,0.2003217453220949,5.138615934541235e-05,-6.201207843536949e-05,17.89660718505911,13.031486641069932,2.3115575144200933,2.3116089005794387,False
causal-conv,3004,compile-native,compile-bucket,0.27228234068049195,0.1986210083615615,4.235649912320838e-05,7.117057982952701e-05,17.834747695043916,12.97866084719135,2.311927809918882,2.3119701664180052,False
causal-conv,3005,compile-native,compile-bucket,0.2716032639128779,0.19775284308133556,-6.0971409951982025e-06,2.8956871998442324e-05,18.037224515035632,13.138255464822578,2.3042581432583007,2.3042520461173055,False
causal-conv,3006,compile-native,compile-bucket,0.2733294329054119,0.181188196230454,6.120803618081538e-05,6.037505934264331e-05,15.84117506504117,11.511315667958115,2.303383189059119,2.3034443970953,False
causal-conv,3007,compile-native,compile-bucket,0.2676911944283502,0.20635079545491763,-0.00011240483001007107,-5.210407037958831e-05,17.996904882944364,13.17929191881558,2.310759412573792,2.310647007743782,False
causal-conv,3008,compile-native,compile-bucket,0.27472805365399133,0.19730548116670588,-2.938941680818985e-05,-0.00011729833466267436,17.842729000054533,12.940830789993925,2.3107032974684563,2.310673908051648,False
causal-conv,3009,compile-native,compile-bucket,0.26914136087600893,0.19443397030218246,-7.860318709385083e-05,-3.0271458563824183e-05,18.012215194925375,13.164383084971632,2.307478061315325,2.307399458128231,False
causal-conv,3010,compile-native,compile-bucket,0.2805066295057097,0.19196308507869786,5.68051822416038e-05,5.704130214168046e-05,15.889317888002552,11.432258882094175,2.3159021880165565,2.315958993198798,False
causal-conv,3011,compile-native,compile-bucket,0.2789945133936651,0.20591370180991042,-3.210749270010638e-05,-4.814719872214823e-05,15.774850915033312,11.37375406013598,2.3091889455934678,2.3091568381007677,False
causal-conv,3012,compile-native,compile-bucket,0.2695612410825372,0.1962944376437713,2.838601065624502e-05,-1.6874621495688302e-05,18.045364877063548,13.181033925015072,2.3168041783870392,2.3168325643976955,False
