model,arm,seed,steps,comparison,parameters,parameter_tensors,length_buckets,initialization_sha256,schedule_sha256,training_seconds,setup_seconds,total_seconds,test_bpb,validation_bpb,final_model_sha256,peak_driver_mib,peak_rss_mib
transformer-medium,compile-native,3001,1200,breadth,19280896,53,5,df646a6996e3bcfef6d22cab891fbfdce1e7307c9d5e8bad09bcfa45b2c8bc9e,5d007c85ea6a70d68c3b84c89480c643a9c640d81dd45209a86157ca8e4072c9,54.04862344195135,1.7814724999989267,64.0824222079973,2.9141001073368855,2.8909762955873815,f5bb0dc29d1e2305e7e6b9ce7d4a2d8152b8218fba90dd64df2328e6770728a4,1162.71875,607.671875
transformer-medium,compile-bucket,3001,1200,breadth,19280896,53,5,df646a6996e3bcfef6d22cab891fbfdce1e7307c9d5e8bad09bcfa45b2c8bc9e,5d007c85ea6a70d68c3b84c89480c643a9c640d81dd45209a86157ca8e4072c9,35.01921548198152,1.4539877499992144,44.66390891699848,2.923308818313646,2.8997409423121905,5002406ffc56751861a448aa94362f5d103da7626a99ad16b784d67e9262d870,1138.71875,607.453125
transformer-small,compile-bucket,3002,1200,breadth,3346944,37,4,c841d078206e84f3e6da7b7e30c102781fa54f110a975c1ddbeff6efecd9a8a4,649639cd3c7bff0aed19ec64bf2566332478e12688148fbe90719674bd1777eb,11.159796838866896,1.17764779200661,15.215346750002936,3.0138870450195387,2.9933736329312697,a6e41a8de1ae539bcab49a597a8eb96babd46620c40a96eea0f57ae029782afd,1074.71875,539.8125
transformer-small,compile-native,3002,1200,breadth,3346944,37,4,c841d078206e84f3e6da7b7e30c102781fa54f110a975c1ddbeff6efecd9a8a4,649639cd3c7bff0aed19ec64bf2566332478e12688148fbe90719674bd1777eb,14.70401429386402,1.1155447499986622,18.934406708998722,3.010325328092809,2.9897644595762305,259af64d03201389aaa00a78725a2c97f00824064373bffef07b1ac796105061,218.71875,539.59375
transformer-small,compile-bucket,3008,1200,breadth,3346944,37,4,ad4dd69e964089f4d86105689c6d9962865eb3f23bbcab6a1bca1e6e241107f0,97de194d87dedbdfe7f6dbffd84328200383b92e273b148c6544a83a855d75b8,10.981663486927573,2.154162250000809,16.030414625005506,3.044001769900169,3.0296826663529433,201f361ac0e4a16fc0f9d189cb4a9cc65c526287fa759f5424807c83cfe7d1bb,1074.71875,516.5625
transformer-small,compile-native,3008,1200,breadth,3346944,37,4,ad4dd69e964089f4d86105689c6d9962865eb3f23bbcab6a1bca1e6e241107f0,97de194d87dedbdfe7f6dbffd84328200383b92e273b148c6544a83a855d75b8,14.571932703081984,1.2049076659968705,18.66428420799639,3.0522432551201857,3.0368168190176092,9535dac068c4de0c0647e24d6ee5e88b2a6501af744e1a08466ab154ee5eba11,218.71875,540.140625
transformer-medium,compile-bucket,3006,1200,breadth,19280896,53,5,1c91b3495ecf1220cf2655a08efe9d4d5dd47253547b77e674b8336a85ecd4cf,2e452c3ad254221192338f8b9963866afb2357dc4d38cf9661dbdc1567285b8d,35.05159777603694,1.4657292499978212,44.66768079200119,2.9041813240671206,2.8824774837259564,c372c21b1866302ecbeecbe98465d0f9d60349675b64638a868a32067f1f456d,1138.71875,608.203125
transformer-medium,compile-native,3006,1200,breadth,19280896,53,5,1c91b3495ecf1220cf2655a08efe9d4d5dd47253547b77e674b8336a85ecd4cf,2e452c3ad254221192338f8b9963866afb2357dc4d38cf9661dbdc1567285b8d,54.15119278894417,1.4314589999994496,63.745597667002585,2.87765942354621,2.8531193883303847,a162a4fae265d345903f9fa4c2ba22e5504ae3869ad1732ace62745155253c72,1162.71875,607.28125
causal-conv,compile-native,3001,1200,breadth,3746816,53,4,4f47ebf27c94eb5653ab8dabb9a41dd99c5aae2db47196fe50b63265b7598c37,5d007c85ea6a70d68c3b84c89480c643a9c640d81dd45209a86157ca8e4072c9,15.85381846412929,1.1610658329955186,21.533982499997364,2.3038073721396133,2.2683460720823336,4b8c8af73f6061e161c087390993c963fb016ddb8957f798b9cb9e6e26d5b695,180.46875,566.03125
causal-conv,compile-bucket,3001,1200,breadth,3746816,53,4,4f47ebf27c94eb5653ab8dabb9a41dd99c5aae2db47196fe50b63265b7598c37,5d007c85ea6a70d68c3b84c89480c643a9c640d81dd45209a86157ca8e4072c9,11.497559704032028,1.2102547499962384,17.176967084000353,2.3037832684651764,2.2683322140821898,d04c51711c9fd7f463ee9cf1fd5ac82da695b3d14bb950d141130bb6b7150328,1068.46875,565.4375
transformer-small,compile-native,3003,1200,breadth,3346944,37,4,775e9bb3e8699bc8a7ec975c4446ad82d89e244419ac6e0861b041f2e2a7469c,5fa3a626d4341285d098e4d6286b158f37a40b266b2a42d486e1216f6170dcdf,14.324335323930427,1.1117054159985855,18.321930208003323,3.0886212240735955,3.077068811092259,904a44dd30300820db6ef5896afe0036b49bb8f70b6fa8c6cf39b260721bc2a4,218.71875,540.46875
transformer-small,compile-bucket,3003,1200,breadth,3346944,37,4,775e9bb3e8699bc8a7ec975c4446ad82d89e244419ac6e0861b041f2e2a7469c,5fa3a626d4341285d098e4d6286b158f37a40b266b2a42d486e1216f6170dcdf,11.166612009939854,1.1443218749991502,15.179514208997716,3.077284995898662,3.0665322021851473,e77b2ddbc1a630afd59c036ae7d0839fc8eb512da2ff835d1ab05c70c77daf78,1074.71875,540.296875
gated-gqa,compile-bucket,3010,1200,breadth,9737088,52,4,0dff327bbcd052a0e80bb13968084382d10f1137c39950ba70f5faa37561b6c3,3739b6d2eb885a57d5ba3216c1e6605a6b84a146d332537ea3a3d64b0b8908c6,21.948360338072234,1.3103018749970943,29.52825424999901,3.0327475118152307,3.019083900921001,113574cef7b455a9ddf8692a47103c4c3c9e878f4b969fc344810ae9e883c750,1098.71875,571.15625
gated-gqa,compile-native,3010,1200,breadth,9737088,52,4,0dff327bbcd052a0e80bb13968084382d10f1137c39950ba70f5faa37561b6c3,3739b6d2eb885a57d5ba3216c1e6605a6b84a146d332537ea3a3d64b0b8908c6,32.653310992973275,1.3116421250015264,40.28330787500454,3.033664440012232,3.0203880597553288,9658a3ecc0332d28b2a649221fd6370f2882ba35516735eb8e0b9fa87fc3b041,1162.71875,570.46875
causal-conv,compile-native,3011,1200,breadth,3746816,53,4,5bb05a306273d58bd569abb637e0a98322af6d89e4528215489330556cc2fb58,954eccbcb88d3f18fad152bcc18dff8fa09a4bf67ef70b76ac953ba5641820de,15.774850915033312,1.175260750002053,21.50714920899918,2.3091889455934678,2.275081756947643,063390239b2d53bc2525f0d17e783ee51a984d9e0875ad825ab65714828fe657,180.46875,565.296875
causal-conv,compile-bucket,3011,1200,breadth,3746816,53,4,5bb05a306273d58bd569abb637e0a98322af6d89e4528215489330556cc2fb58,954eccbcb88d3f18fad152bcc18dff8fa09a4bf67ef70b76ac953ba5641820de,11.37375406013598,1.2117061659955652,17.078532499996072,2.3091568381007677,2.2750336097489208,fd60e32cac468a7c44740ae5724ed8e8a9308edb2ee25f179d418aafaf388ba5,1068.46875,565.765625
transformer-medium,compile-native,3011,1200,breadth,19280896,53,5,d133f70eac4405492a94a0cd5fed4bcf38de77cc33ba68f7f8a0403475ac95fe,954eccbcb88d3f18fad152bcc18dff8fa09a4bf67ef70b76ac953ba5641820de,54.16457388010895,1.4315120829996886,63.7833255000005,2.912695424129253,2.8903467738708817,ffb2c0adf06145c29724b6b38111d5d3fe6e502e81eb9768ed870fa92aefc3da,1162.71875,607.28125
transformer-medium,compile-bucket,3011,1200,breadth,19280896,53,5,d133f70eac4405492a94a0cd5fed4bcf38de77cc33ba68f7f8a0403475ac95fe,954eccbcb88d3f18fad152bcc18dff8fa09a4bf67ef70b76ac953ba5641820de,35.08838663310598,1.8382378750029602,45.16911129200162,2.929527351378826,2.90800790097158,53a8994520f8a6e85c0220ded6e4e607990d55b044d06d9f53d59f0167123891,1138.71875,608.1875
causal-conv,compile-bucket,3010,1200,breadth,3746816,53,4,ed0b8ea9fd8e9c99f5214946e261c04eb5b89073a19f31511de95517a6caf6ef,3739b6d2eb885a57d5ba3216c1e6605a6b84a146d332537ea3a3d64b0b8908c6,11.432258882094175,1.6874081659989315,17.62018787499983,2.315958993198798,2.2810471926481646,c675b6b80ca9bbc4115fd95859ca2bd845a500a568b8950bae7f2a39bd1dc0b5,1068.46875,565.609375
causal-conv,compile-native,3010,1200,breadth,3746816,53,4,ed0b8ea9fd8e9c99f5214946e261c04eb5b89073a19f31511de95517a6caf6ef,3739b6d2eb885a57d5ba3216c1e6605a6b84a146d332537ea3a3d64b0b8908c6,15.889317888002552,1.1695615830030874,21.806166957998357,2.3159021880165565,2.280990151346023,0c462e4ea38833721e1dd877228429612ca021cb2b1e024513e523858e8d3bba,180.46875,566.046875
transformer-small,bucket-native,2002,800,factorial,3346944,37,4,8611c7de76e36d2dc8f0efe75ef703974d9da4cdb57a248229ff160597a7485e,df931c05a6e6a5a442fef3564a8d528c1f0179f1d8c44bc8e4ba2891d64df86c,11.374860993055336,0.720829459001834,14.83739245900506,3.3874655019175623,3.3764873540970437,1cc50f6a604090bb8ba572e5f66641dd85f094037428a4e7d4933a97485f1c22,244.90625,444.875
transformer-small,scalar-packed,2002,800,factorial,3346944,37,4,8611c7de76e36d2dc8f0efe75ef703974d9da4cdb57a248229ff160597a7485e,df931c05a6e6a5a442fef3564a8d528c1f0179f1d8c44bc8e4ba2891d64df86c,13.13101875702705,0.5984534169983817,16.509450958001253,3.379445248070781,3.368713182109433,c2f45ac64e61ce52e3ad4c53a9d2a98a6f33681235b0572c3d65b0cf98b8ebc5,1068.90625,444.578125
transformer-small,bucket-packed,2002,800,factorial,3346944,37,4,8611c7de76e36d2dc8f0efe75ef703974d9da4cdb57a248229ff160597a7485e,df931c05a6e6a5a442fef3564a8d528c1f0179f1d8c44bc8e4ba2891d64df86c,10.929250535817118,0.7418590419983957,14.443943666999985,3.3860874305113247,3.3751186667727526,c09ab35744852ac3d745b87f9da88bf0ab861261afde5aca10947f1e025c33a9,1068.90625,444.65625
transformer-small,scalar-native,2002,800,factorial,3346944,37,4,8611c7de76e36d2dc8f0efe75ef703974d9da4cdb57a248229ff160597a7485e,df931c05a6e6a5a442fef3564a8d528c1f0179f1d8c44bc8e4ba2891d64df86c,13.583758425906126,0.6030955829992308,17.039983374997973,3.389009890101982,3.3783743893475124,b092e771b90d5f41bb941a83aa932de5e5987871b9e5b90eb8f6cee39da107e9,244.90625,444.6875
transformer-medium,compile-bucket,3008,1200,breadth,19280896,53,5,0288cfaf35408a6944a26bf3cd57edfaffbb416c620ab9041d62ca4e4a12791a,97de194d87dedbdfe7f6dbffd84328200383b92e273b148c6544a83a855d75b8,35.202380929935316,1.7226149999987683,45.13589345799846,2.729470886442117,2.7021083949978615,395bf846f0f6865c52fee6e6374e4fcc7aca8475e71fee83b86a8f49ef8a0190,1138.71875,607.453125
transformer-medium,compile-native,3008,1200,breadth,19280896,53,5,0288cfaf35408a6944a26bf3cd57edfaffbb416c620ab9041d62ca4e4a12791a,97de194d87dedbdfe7f6dbffd84328200383b92e273b148c6544a83a855d75b8,54.21105059570982,1.8812752079975326,64.30332420799823,2.885310568537381,2.8583973494220896,d8fbe2b3a473b4a16241b4393abbdd3efda3272f35025adb18dd924d7c1035c0,1162.71875,608.109375
transformer-small,compile-bucket,3010,1200,breadth,3346944,37,4,2c5ebe5a4c56ce73c073a4bbab015cc77f3bdf9b0963716947010ad54fe19c7b,3739b6d2eb885a57d5ba3216c1e6605a6b84a146d332537ea3a3d64b0b8908c6,11.158222257865418,1.143543124999269,15.179245958999672,3.029698457492881,3.0115621555322085,697057136e3354593c6b247e60154856ff12a7e6e10af6c83183b37b1833f2b2,1074.71875,539.75
transformer-small,compile-native,3010,1200,breadth,3346944,37,4,2c5ebe5a4c56ce73c073a4bbab015cc77f3bdf9b0963716947010ad54fe19c7b,3739b6d2eb885a57d5ba3216c1e6605a6b84a146d332537ea3a3d64b0b8908c6,14.665257671869767,1.1049609999972745,18.64919062500121,3.0469265236616403,3.0310208788139943,876bbf39e27c599b12bfef2a74022a52f5fbc4f12b89c5dcb0d0cd95e581fcd6,218.71875,539.65625
gated-gqa,compile-bucket,3006,1200,breadth,9737088,52,4,6e01f4c358874300a38540021bee3b9585751dd11cae2b63b80c62a47a8e5f52,2e452c3ad254221192338f8b9963866afb2357dc4d38cf9661dbdc1567285b8d,22.049369463915355,1.299624124992988,29.704688041994814,3.014192313844119,3.0011607026166653,93ce7759afc07949cc390b4f0603ac7eab5dde8655f4713e982e667b528ab9c9,1098.71875,570.40625
gated-gqa,compile-native,3006,1200,breadth,9737088,52,4,6e01f4c358874300a38540021bee3b9585751dd11cae2b63b80c62a47a8e5f52,2e452c3ad254221192338f8b9963866afb2357dc4d38cf9661dbdc1567285b8d,32.75676767085679,1.2845424159968388,40.36119399999734,3.0093049000429506,2.991917350857322,6d4ae299384458b3a327f9126ceb0b88b673d54e749fdb88a93b8c5a79775b96,1162.71875,571.0
transformer-small,scalar-packed,2007,800,factorial,3346944,37,4,e1203ac107d50bfed4206d8d282dad9281717b8f29b8c40b9ec6c55e7f29f2c8,a90676e290cb3e243774861f61eff1658d551e52e27437421dbc543cc6653878,13.08819600802235,0.57863145799638,16.443655957999,3.413907932329497,3.404597821404434,702d17d2c4e16d93baa1f738971e4bd6994085828cf0b47841a3f4b59c0160ab,1068.90625,444.015625
transformer-small,bucket-packed,2007,800,factorial,3346944,37,4,e1203ac107d50bfed4206d8d282dad9281717b8f29b8c40b9ec6c55e7f29f2c8,a90676e290cb3e243774861f61eff1658d551e52e27437421dbc543cc6653878,10.961201800055278,0.5663821670023026,14.270097583997995,3.4141129592197816,3.405019296705949,6664770afa299c17813dcab138acd33e961c2fae73a1af7beb0471115124cbeb,1068.90625,444.59375
transformer-small,scalar-native,2007,800,factorial,3346944,37,4,e1203ac107d50bfed4206d8d282dad9281717b8f29b8c40b9ec6c55e7f29f2c8,a90676e290cb3e243774861f61eff1658d551e52e27437421dbc543cc6653878,13.339665197883733,0.537047290999908,16.640023291001853,3.4105727146515132,3.4009689160286913,7bab254fd966497a19e7f6b16b68ba62a6c16c9148fabf495343d5946f35e34a,244.90625,444.421875
transformer-small,bucket-native,2007,800,factorial,3346944,37,4,e1203ac107d50bfed4206d8d282dad9281717b8f29b8c40b9ec6c55e7f29f2c8,a90676e290cb3e243774861f61eff1658d551e52e27437421dbc543cc6653878,11.185243713058298,0.5488494580058614,14.47635395800171,3.4167963993271533,3.407686135883537,775fbb74205742db27fa6404db0a0c14b7909a31b190e5410198454e13b136af,244.90625,444.609375
transformer-small,bucket-native,2006,800,factorial,3346944,37,4,dc2fe3c56347ae4aa7d8046a993ee4fc32a32dbb0e6072abc738e9f67279272b,59452aba58ba28e8b3e6c9c687c78663bffff47a9a59587bdd43a95a990ac783,11.238230622984702,0.5498890410017339,14.528605875006178,3.4030726828762536,3.3931388141023975,afe17aaf96c3c906f4fc3eba3b3ba104aa4c14545e62acf29790784c8f25e6d3,244.90625,444.453125
transformer-small,scalar-packed,2006,800,factorial,3346944,37,4,dc2fe3c56347ae4aa7d8046a993ee4fc32a32dbb0e6072abc738e9f67279272b,59452aba58ba28e8b3e6c9c687c78663bffff47a9a59587bdd43a95a990ac783,13.220000529036042,0.5802726250039996,16.55452850000438,3.3894517581709818,3.378967799035938,d088cc917b845e67f2e427faef7f606ecb00e365a373f9e2f24ca0a87906def4,1068.90625,445.078125
transformer-small,bucket-packed,2006,800,factorial,3346944,37,4,dc2fe3c56347ae4aa7d8046a993ee4fc32a32dbb0e6072abc738e9f67279272b,59452aba58ba28e8b3e6c9c687c78663bffff47a9a59587bdd43a95a990ac783,10.961081204965012,0.5625931670001592,14.300904000003356,3.3898323886779025,3.3796760029394,70e8adab209b4a55b45ac0ce174d3cf16905308499be17a8ce7f195f8aaa7f16,1068.90625,444.390625
transformer-small,scalar-native,2006,800,factorial,3346944,37,4,dc2fe3c56347ae4aa7d8046a993ee4fc32a32dbb0e6072abc738e9f67279272b,59452aba58ba28e8b3e6c9c687c78663bffff47a9a59587bdd43a95a990ac783,13.349597129963513,0.5468386669963365,16.645556249997753,3.406166452117042,3.3965564118334166,eafd4e092a46d39dc34371149e02c5b3da9324949ea2b862058a862c42e6f4fd,244.90625,444.9375
gated-gqa,compile-native,3007,1200,breadth,9737088,52,4,8e90b606c6af82e0338ca6e13b4631bcbca8e84e8a6f66422df33713fb36b83a,ecc3c1da2e7c905f3bda8387f78b6294ca976a6226d2b4528d4c690a37c1f406,32.75693864709319,1.2770541670033708,40.34578258400143,3.082420081506257,3.070651975919145,b8da56413323bd81caa715c829a92420aa3fa682c321a40ef9a5c04f981eb50f,1162.71875,571.046875
gated-gqa,compile-bucket,3007,1200,breadth,9737088,52,4,8e90b606c6af82e0338ca6e13b4631bcbca8e84e8a6f66422df33713fb36b83a,ecc3c1da2e7c905f3bda8387f78b6294ca976a6226d2b4528d4c690a37c1f406,22.028575294898474,1.2938232919987058,29.646978416996717,3.172157917044228,3.162040611740506,9021ee667aaf5b3a180148a9adeedff2630791d1cea0f500d62c72584ea9bcdd,1098.71875,570.765625
transformer-medium,compile-native,3005,1200,breadth,19280896,53,5,d524ca86a972970301eb7592366ecc0b3bba88107a1c43206cd77553bdee6e29,55774a44b71526fcd06a0d1f506b1fb040db5c6943f692deae4b4e51c67a8ea1,54.26149496803555,1.403467707998061,63.87345708299836,2.901360568413709,2.8797283041447503,f439ae730f280b030801c2a0919ccd999bf43ec146f1da8c8f803883746f25d0,1162.71875,607.53125
transformer-medium,compile-bucket,3005,1200,breadth,19280896,53,5,d524ca86a972970301eb7592366ecc0b3bba88107a1c43206cd77553bdee6e29,55774a44b71526fcd06a0d1f506b1fb040db5c6943f692deae4b4e51c67a8ea1,35.27955730013491,1.4296559170034016,44.93519200000446,2.9291464466201615,2.9056418180108383,850b41c736f1325a90ec32a74e51ef8e83398df2474b5eac70b6016a15a5a9fc,1138.71875,607.265625
transformer-small,scalar-native,2001,800,factorial,3346944,37,4,3d4d6e7c44bf2ffcb2c6d50db63e906048748051d61b13acf1c2c592e3792dd3,1ed2be564fee092a22e5324b50d9efcc25194f55b575e1db8d90c6aad520af19,13.345174332003808,0.5913937499935855,16.67296404199442,3.409092008992762,3.400087673081548,efd6ce68392914c5d0a7e409b0e17ab11ee6b0b3773b3aa1a663b4630c1e5152,244.90625,444.6875
transformer-small,bucket-native,2001,800,factorial,3346944,37,4,3d4d6e7c44bf2ffcb2c6d50db63e906048748051d61b13acf1c2c592e3792dd3,1ed2be564fee092a22e5324b50d9efcc25194f55b575e1db8d90c6aad520af19,11.15273057709419,0.5738201249987469,14.47001704199647,3.4183437171955084,3.4095270200453838,deab8b712e746f075f428198b28dfaf4008cc27b35a198640a4b699044fb7935,244.90625,444.515625
transformer-small,scalar-packed,2001,800,factorial,3346944,37,4,3d4d6e7c44bf2ffcb2c6d50db63e906048748051d61b13acf1c2c592e3792dd3,1ed2be564fee092a22e5324b50d9efcc25194f55b575e1db8d90c6aad520af19,13.041883797879564,0.6154840840026736,16.40249304199824,3.417552045672878,3.4085814853822076,c7340db118fec6804155319a1bc701f5f4ab6db59fd1da3e13cdf42d6943834c,1068.90625,444.8125
transformer-small,bucket-packed,2001,800,factorial,3346944,37,4,3d4d6e7c44bf2ffcb2c6d50db63e906048748051d61b13acf1c2c592e3792dd3,1ed2be564fee092a22e5324b50d9efcc25194f55b575e1db8d90c6aad520af19,10.954106035933364,0.5891278749986668,14.291921999996703,3.415113187248311,3.4062286225838374,78b9a8fc707121f461e60186a69ca3ffd52c987d68f87544e0272ccd092d4bb1,1068.90625,443.78125
transformer-small,compile-native,3011,1200,breadth,3346944,37,4,0b6c04debcdd4bbb5a48df6120be26b644488ed979811a47dba75d811b91f0c5,954eccbcb88d3f18fad152bcc18dff8fa09a4bf67ef70b76ac953ba5641820de,14.632281166981556,1.5231082919999608,19.034908583998913,3.0912933278022363,3.078799699157969,3258bdaf35c718d7e94539cd97a0c4dd2bd0efc8cb1fdafc8031c55606b2d498,218.71875,540.171875
transformer-small,compile-bucket,3011,1200,breadth,3346944,37,4,0b6c04debcdd4bbb5a48df6120be26b644488ed979811a47dba75d811b91f0c5,954eccbcb88d3f18fad152bcc18dff8fa09a4bf67ef70b76ac953ba5641820de,11.155770958008361,1.5281635420033126,15.562996749999002,3.0984689285536495,3.0854906146093852,8a3398557a2b4ae79e66d5165bd0895fb0c6b999c653cdd043e754b7a7d60814,1074.71875,539.59375
transformer-small,scalar-packed,2003,800,factorial,3346944,37,4,31af90aa03f95a254ffb9cdd4d18740d66f938545ab9f05f38ad6b5990df9545,d31d492e95f9bcc662ee6ad7b4c38fc77634e67d691c3c0697bf2a08667f353f,13.052301452946267,0.7115323329999228,16.50761133299966,3.401534140843253,3.3944513164228884,941eb0edc7a07feb334733b8bf2ec52ee54a942a4e34329a3956849985c89af2,1068.90625,444.0
transformer-small,bucket-packed,2003,800,factorial,3346944,37,4,31af90aa03f95a254ffb9cdd4d18740d66f938545ab9f05f38ad6b5990df9545,d31d492e95f9bcc662ee6ad7b4c38fc77634e67d691c3c0697bf2a08667f353f,10.957708907902997,0.595744124999328,14.287877832997765,3.40381702428543,3.396477284515434,9627ad219c49f584b7e1a30e533bf80416b268ae395fcd25a97eade632c62969,1068.90625,444.40625
transformer-small,scalar-native,2003,800,factorial,3346944,37,4,31af90aa03f95a254ffb9cdd4d18740d66f938545ab9f05f38ad6b5990df9545,d31d492e95f9bcc662ee6ad7b4c38fc77634e67d691c3c0697bf2a08667f353f,13.245832905020507,0.5837097500043456,16.56827825000073,3.4018051228211066,3.3945175123172855,e771e4167bf0573c50c29a1577490fa11f0d0f6ac2267f80761bbc5232eab9d2,244.90625,444.34375
transformer-small,bucket-native,2003,800,factorial,3346944,37,4,31af90aa03f95a254ffb9cdd4d18740d66f938545ab9f05f38ad6b5990df9545,d31d492e95f9bcc662ee6ad7b4c38fc77634e67d691c3c0697bf2a08667f353f,11.189036016970931,0.5627802919989335,14.499177917001361,3.4045244085965654,3.397259721010376,fba6aa77fd26a91f745c7d1aaf92e91dffe25fb66d72992c6e28731cff5b0acd,244.90625,444.140625
transformer-medium,compile-native,3003,1200,breadth,19280896,53,5,402f8cdcd426746854377f9b4fb68bf8d039006679778e43cb1d5beed9d1c099,5fa3a626d4341285d098e4d6286b158f37a40b266b2a42d486e1216f6170dcdf,54.2438957950435,1.7884871669957647,64.25206870799593,2.9250209447960303,2.9017321790449677,db54406f0ae569ddb97c613526e987d9769c85cfa79f21caf959058db95dffa8,1162.71875,607.34375
transformer-medium,compile-bucket,3003,1200,breadth,19280896,53,5,402f8cdcd426746854377f9b4fb68bf8d039006679778e43cb1d5beed9d1c099,5fa3a626d4341285d098e4d6286b158f37a40b266b2a42d486e1216f6170dcdf,35.273084789274435,1.9012867909987108,45.40048529100022,2.9331923934884916,2.9102740284652415,d29179e1d90e7082f28243bfc2a2508246b868e73281b85d11d68c2be63e39d8,1138.71875,607.484375
transformer-medium,compile-native,3009,1200,breadth,19280896,53,5,c437ab515051c9f61f1ce7cb311b04f3fe4eeca570d29319ee098049fc04f336,7a04b3c2ec15ee3936d562bc7eb64603d1bbe5718567737f15a5a1e0a16abf0a,54.324589458075934,1.9680502920018625,64.51859204199718,2.857926101498097,2.8355260370527247,c4c58ed14db688d83bf654f2a378c254ad7d40b4adf5389f1736dce74d63155b,1162.71875,607.71875
transformer-medium,compile-bucket,3009,1200,breadth,19280896,53,5,c437ab515051c9f61f1ce7cb311b04f3fe4eeca570d29319ee098049fc04f336,7a04b3c2ec15ee3936d562bc7eb64603d1bbe5718567737f15a5a1e0a16abf0a,35.307310706048156,1.91565312500461,45.49742420799885,2.9227796701373934,2.8975801717916982,01075247d79f503790265508fdef6bdb1aea6e0ab5bf9dacb4bb9880c5330367,1138.71875,607.4375
causal-conv,compile-bucket,3006,1200,breadth,3746816,53,4,f15da131ba702cf0f91c58f362df5264d59e6fda0b6901033eb4a8446406648b,2e452c3ad254221192338f8b9963866afb2357dc4d38cf9661dbdc1567285b8d,11.511315667958115,1.658198082994204,17.6751604999954,2.3034443970953,2.265034261200963,67c5e99a2ca6247f1c8df550678e0739c720e46f10832c996d44171330ee6239,1068.46875,566.25
causal-conv,compile-native,3006,1200,breadth,3746816,53,4,f15da131ba702cf0f91c58f362df5264d59e6fda0b6901033eb4a8446406648b,2e452c3ad254221192338f8b9963866afb2357dc4d38cf9661dbdc1567285b8d,15.84117506504117,1.2205131250011618,21.586352833001,2.303383189059119,2.2649738861416204,490315ac53fdade6b986e142464db1b0bbc12f75f159bad946c17283c5c67ea5,180.46875,565.578125
gated-gqa,compile-native,3001,1200,breadth,9737088,52,4,524a8fdeca02c91d62f13e4c69acf42a0fb7c508f875cb6f660bab608acf207a,5d007c85ea6a70d68c3b84c89480c643a9c640d81dd45209a86157ca8e4072c9,32.74288808683923,1.3494292499963194,40.42044808300125,3.0980751568562264,3.087364981857781,bfdf41d73a51c1ea4dc6a1339bbb93f891b539a1a6498371f21f1d0a7290b6fb,1162.71875,570.625
gated-gqa,compile-bucket,3001,1200,breadth,9737088,52,4,524a8fdeca02c91d62f13e4c69acf42a0fb7c508f875cb6f660bab608acf207a,5d007c85ea6a70d68c3b84c89480c643a9c640d81dd45209a86157ca8e4072c9,22.018729043775238,1.4235904590022983,29.75792754199938,3.146181809521108,3.1334692551932113,405985f4490b1228eb379a4350ddd35ff9b8353b9bf039204eb8941a30a4d364,1098.71875,570.921875
transformer-medium,compile-native,3007,1200,breadth,19280896,53,5,4d90db182cd5c5e8ab6a90f9da627b4fff3d48f4c818b9972eaa7b8525dc4428,ecc3c1da2e7c905f3bda8387f78b6294ca976a6226d2b4528d4c690a37c1f406,58.41922032509319,1.9017786670010537,69.95385366700066,2.9141835503109603,2.891872555705758,2d714ff53b4ec42ddbd1a97573729baa4670482963cce91d5691a15c9ca90b51,1162.71875,607.578125
transformer-medium,compile-bucket,3007,1200,breadth,19280896,53,5,4d90db182cd5c5e8ab6a90f9da627b4fff3d48f4c818b9972eaa7b8525dc4428,ecc3c1da2e7c905f3bda8387f78b6294ca976a6226d2b4528d4c690a37c1f406,39.966923738968035,1.9800848339946242,51.583694999993895,2.897790686411187,2.877654871032286,70df39cb4fd53a68e8638e5196bb8f399356ab1a9e23de3f37dcfe21fbaaacd6,1138.71875,607.40625
causal-conv,compile-native,3007,1200,breadth,3746816,53,4,bfcc791a72f74e41582311d20e89c04a9d924450cea7b6c6a703fcdb1cf954a1,ecc3c1da2e7c905f3bda8387f78b6294ca976a6226d2b4528d4c690a37c1f406,17.996904882944364,1.6658072499994887,24.846338874995126,2.310759412573792,2.270289592406109,4ee20fb39a1db37a473002ca96766d59cf392d862bfcaaddb0f71f7e86132246,180.46875,565.484375
causal-conv,compile-bucket,3007,1200,breadth,3746816,53,4,bfcc791a72f74e41582311d20e89c04a9d924450cea7b6c6a703fcdb1cf954a1,ecc3c1da2e7c905f3bda8387f78b6294ca976a6226d2b4528d4c690a37c1f406,13.17929191881558,1.2886318749951897,19.71927708399744,2.310647007743782,2.2702374883357295,64138145365c4ed3f76ef60729798013d643d043cdcc52763eb6ddce9f0dd298,1068.46875,565.5625
gated-gqa,compile-native,3009,1200,breadth,9737088,52,4,f0328bb946b608cde2ae4e5bc7b42afb5163c029e301c1f828085f9b736903f9,7a04b3c2ec15ee3936d562bc7eb64603d1bbe5718567737f15a5a1e0a16abf0a,36.311805090001144,1.4835420410017832,45.18777024999872,3.035366830762185,3.021053301907641,2050e9caaeedee9e66312d22f4ad54ec8d090cc82f3e94678bf232c350f378cb,1162.71875,571.09375
gated-gqa,compile-bucket,3009,1200,breadth,9737088,52,4,f0328bb946b608cde2ae4e5bc7b42afb5163c029e301c1f828085f9b736903f9,7a04b3c2ec15ee3936d562bc7eb64603d1bbe5718567737f15a5a1e0a16abf0a,25.187816256009683,1.7342829589979374,34.32212116700248,3.1005731878189757,3.0848108829728944,daecdf5f84a7235ab951871529c63bf1fbec06d13b8e80f9897bb3450db33d5a,1098.71875,570.765625
transformer-small,compile-bucket,3012,1200,breadth,3346944,37,4,c21060be2e3dceb3f29ec3ed403386a92ad7f3e21aee9662234cf4abc304e321,b7d559c5f2994941328bfd3f85f6014700b502360881063ad97a2411aaa35e16,12.514724655928148,1.2501952910024556,17.07989066599839,3.0891402067229223,3.078477615816035,a715bd91e36d7673cc14647eef58cbbf8602983e6f63b70dc5d7caec7f2325b9,1074.71875,539.734375
transformer-small,compile-native,3012,1200,breadth,3346944,37,4,c21060be2e3dceb3f29ec3ed403386a92ad7f3e21aee9662234cf4abc304e321,b7d559c5f2994941328bfd3f85f6014700b502360881063ad97a2411aaa35e16,16.32439825800975,1.2162635829954525,20.89095237499714,3.0841099480016805,3.0729115768659145,bba2f02e381da02e595c4b53e26dc6c3c8269a457b369281bcccb4ff88f84226,218.71875,539.4375
transformer-small,bucket-packed,2008,800,factorial,3346944,37,4,491213cfd2d213855b5ffc01ea274caed84543bef41c4c76c2a6c1af2572b955,05d1064f3dcc139ebe9360edd5b1683eab8c90e8a42b7af2cbf804400a83a3fb,12.599223255070683,0.6375307080015773,16.40521929100214,3.4151165340198455,3.4068840582659394,71efc8c02d36ce2355d6b4308ab0a10b45e4e50c3637f8aac0b19c25c3fb9f2a,1068.90625,446.875
transformer-small,scalar-native,2008,800,factorial,3346944,37,4,491213cfd2d213855b5ffc01ea274caed84543bef41c4c76c2a6c1af2572b955,05d1064f3dcc139ebe9360edd5b1683eab8c90e8a42b7af2cbf804400a83a3fb,15.174099511961685,0.6089508750010282,18.976467042004515,3.4204043190352578,3.412789048545609,bcbaaf9455d7e18426060fa3459b144ea52290e837839485ac0839372649c958,244.90625,444.609375
transformer-small,bucket-native,2008,800,factorial,3346944,37,4,491213cfd2d213855b5ffc01ea274caed84543bef41c4c76c2a6c1af2572b955,05d1064f3dcc139ebe9360edd5b1683eab8c90e8a42b7af2cbf804400a83a3fb,12.815903595022974,0.6049296249984764,16.571687791998556,3.4166160362685054,3.408577967446332,e6e175e6a3399e6a0fb0d53327212c7de1ed730bb42baf49dbbe1e2b6354b2da,244.90625,444.34375
transformer-small,scalar-packed,2008,800,factorial,3346944,37,4,491213cfd2d213855b5ffc01ea274caed84543bef41c4c76c2a6c1af2572b955,05d1064f3dcc139ebe9360edd5b1683eab8c90e8a42b7af2cbf804400a83a3fb,14.79320962010388,0.6364560000001802,18.57901870799833,3.4150515861555553,3.4068910107031694,8a265986f17e2ca08b4fc58169bb9b89bfa22f657677e17e2edbd42c2b14b704,1068.90625,444.140625
gated-gqa,compile-native,3011,1200,breadth,9737088,52,4,067084876c670c30a50eaf54125655119be60330f326171347e783b5f79daacd,954eccbcb88d3f18fad152bcc18dff8fa09a4bf67ef70b76ac953ba5641820de,36.298303919007594,1.392210415993759,45.197529165998276,3.0470262221549755,3.0347894751393616,c78b5971fc7fdf91d54a2efc590d7b9494e1bc5d0cb96fd5a64164db42b20636,1162.71875,570.71875
gated-gqa,compile-bucket,3011,1200,breadth,9737088,52,4,067084876c670c30a50eaf54125655119be60330f326171347e783b5f79daacd,954eccbcb88d3f18fad152bcc18dff8fa09a4bf67ef70b76ac953ba5641820de,25.126297000075283,1.8104975839960389,34.307426999999734,3.053708046041997,3.041825313574388,35b20d0a8dcf265018b6da3eb9bd0c39a8440ad1132a48913b7598ccc16a6734,1098.71875,575.390625
causal-conv,compile-native,3005,1200,breadth,3746816,53,4,520990789326548165d25d5156ee1774aef4f2522d681475891f8b5ab34d32d6,55774a44b71526fcd06a0d1f506b1fb040db5c6943f692deae4b4e51c67a8ea1,18.037224515035632,1.2559145000050194,24.561917833001644,2.3042581432583007,2.266872178706651,3314394a3abcb6a3794844d28b743e2c763eade60f659c9469608ad1e647cc1a,180.46875,565.828125
causal-conv,compile-bucket,3005,1200,breadth,3746816,53,4,520990789326548165d25d5156ee1774aef4f2522d681475891f8b5ab34d32d6,55774a44b71526fcd06a0d1f506b1fb040db5c6943f692deae4b4e51c67a8ea1,13.138255464822578,1.3141020420007408,19.70472874999541,2.3042520461173055,2.2669011355786495,4ab4ceed7ec472486ed137577272cd795fec83f2e9e96a677f327447b6d9eace,1068.46875,565.578125
causal-conv,compile-bucket,3012,1200,breadth,3746816,53,4,5500563257b755cbf2c29a7de374ef9fad45fe095e1558bc4896aaf30794264e,b7d559c5f2994941328bfd3f85f6014700b502360881063ad97a2411aaa35e16,13.181033925015072,1.3126322910029558,19.707663458000752,2.3168325643976955,2.2810825198842544,586bf027895ed3f74ab45968779d29e385bb51bba34cbb65c14d629883312175,1068.46875,565.96875
causal-conv,compile-native,3012,1200,breadth,3746816,53,4,5500563257b755cbf2c29a7de374ef9fad45fe095e1558bc4896aaf30794264e,b7d559c5f2994941328bfd3f85f6014700b502360881063ad97a2411aaa35e16,18.045364877063548,1.2713930409954628,24.520999207998102,2.3168041783870392,2.28109939450575,ca43e4a60a241ed54ea76c8c36cf9f1dc7ccac132cf397cf27e7a9dbb4b94a7c,180.46875,566.109375
transformer-small,compile-native,3009,1200,breadth,3346944,37,4,2f5efce385f97a3c55658300df0bb59fc0ada3eccedbc500a1a9130fcb6a3a81,7a04b3c2ec15ee3936d562bc7eb64603d1bbe5718567737f15a5a1e0a16abf0a,16.136226138107304,1.2129135420036619,20.64350291700248,2.9689221588372496,2.9490194588280265,029f3ec3df1dc7a0e7c871423a7b5a94cbfd9318dfaa6c79c24765cd8c2bef64,210.71875,540.21875
transformer-small,compile-bucket,3009,1200,breadth,3346944,37,4,2f5efce385f97a3c55658300df0bb59fc0ada3eccedbc500a1a9130fcb6a3a81,7a04b3c2ec15ee3936d562bc7eb64603d1bbe5718567737f15a5a1e0a16abf0a,12.419157188960526,1.2360594170022523,16.966925959000946,2.9720679108130357,2.953148226997919,f19e9b5d57f0ea2a07176b9dfd5f1546f016650b6f574553e4b286de8bb763af,1074.71875,540.46875
causal-conv,compile-native,3009,1200,breadth,3746816,53,4,08331d47d751103fd5fc03ecfd36b9bd5c7fc82c2610cbc41c234b966fdf9fbf,7a04b3c2ec15ee3936d562bc7eb64603d1bbe5718567737f15a5a1e0a16abf0a,18.012215194925375,1.2519443749988568,24.489971415998298,2.307478061315325,2.2695917935080043,f30af2bff3112b97d6d4b0466d060d6f027ede255caf9aeb51812f589d2e946c,180.46875,566.078125
causal-conv,compile-bucket,3009,1200,breadth,3746816,53,4,08331d47d751103fd5fc03ecfd36b9bd5c7fc82c2610cbc41c234b966fdf9fbf,7a04b3c2ec15ee3936d562bc7eb64603d1bbe5718567737f15a5a1e0a16abf0a,13.164383084971632,1.3099934580022818,19.72828904099879,2.307399458128231,2.2695615220494405,9e8bec10166fddd05a92e6f864d707f761f688b34616e2c033e04a3aa610d63e,1068.46875,566.6875
transformer-small,compile-bucket,3006,1200,breadth,3346944,37,4,bdcacbbc5c7c8282b17b22eba6188ddce216afb66cb53dff30fe303fc085d374,2e452c3ad254221192338f8b9963866afb2357dc4d38cf9661dbdc1567285b8d,12.52516691308847,1.2393038330046693,17.067650292003236,3.1332450550881616,3.1213503769920443,ac9ef5bbcc628b8d06a99a57175309b02cd63196d6cb79cbcf562f901bd98185,1074.71875,539.84375
transformer-small,compile-native,3006,1200,breadth,3346944,37,4,bdcacbbc5c7c8282b17b22eba6188ddce216afb66cb53dff30fe303fc085d374,2e452c3ad254221192338f8b9963866afb2357dc4d38cf9661dbdc1567285b8d,16.353324024887115,1.2077430000063032,20.865347165999992,3.1126412099359055,3.100388686678578,07ccef211d5495c325e716f257fa50d24c9c1f960bc938fe50be9c5c8e7abeeb,218.71875,539.890625
gated-gqa,compile-native,3005,1200,breadth,9737088,52,4,a7b5efeb8f9c0811e26747c4f999b149f3facdce0149a9c5af43f8b7d736fa86,55774a44b71526fcd06a0d1f506b1fb040db5c6943f692deae4b4e51c67a8ea1,36.34436248912243,1.3957182090016431,45.158445375003794,3.0515141717231207,3.0386258956434022,1844e859b5af7027f85e8e91014c1679237d10c0b85a9bf44652f4d457a14275,1162.71875,571.0625
gated-gqa,compile-bucket,3005,1200,breadth,9737088,52,4,a7b5efeb8f9c0811e26747c4f999b149f3facdce0149a9c5af43f8b7d736fa86,55774a44b71526fcd06a0d1f506b1fb040db5c6943f692deae4b4e51c67a8ea1,24.91515559599793,1.8059077500001877,34.06020154100406,3.057490417556911,3.0446319416143464,93799378c1ff8e9242a35bae555f8d3189ca5911183c7c7c4ace7e91896b9ce3,1098.71875,570.671875
transformer-medium,compile-bucket,3002,1200,breadth,19280896,53,5,a1b4784e6a11a64482e89598a233e68cb5d2c7f4eeb9cb8e701996d3f032cb74,649639cd3c7bff0aed19ec64bf2566332478e12688148fbe90719674bd1777eb,39.90747717003978,1.7523277920045075,51.24366849999933,2.7860250168307483,2.7623045350547524,65ba11c5afc1f23566a9d08329377dae692e7cdf5676caefa49aabe45d979de8,1138.71875,608.921875
transformer-medium,compile-native,3002,1200,breadth,19280896,53,5,a1b4784e6a11a64482e89598a233e68cb5d2c7f4eeb9cb8e701996d3f032cb74,649639cd3c7bff0aed19ec64bf2566332478e12688148fbe90719674bd1777eb,59.31398429101682,1.898756709000736,70.80793300000369,2.934411050986114,2.9089640525360134,879d6dd86b5c7c4b5e98ddcb9310a1bd6430a2b1a36d6827045b84d421ce2a9e,1162.71875,607.46875
gated-gqa,compile-bucket,3012,1200,breadth,9737088,52,4,049439171aaaf204152366789a27418ffd6d5e52aece5986a6040069f1b84486,b7d559c5f2994941328bfd3f85f6014700b502360881063ad97a2411aaa35e16,25.05956771698402,1.6354854590026662,34.02503545900254,3.0130113228142035,2.9982384012113283,b0958187a08b6c29aa34ffb2d45747091bcfb803320e45e409e0e5d7317a0e43,1098.71875,571.203125
gated-gqa,compile-native,3012,1200,breadth,9737088,52,4,049439171aaaf204152366789a27418ffd6d5e52aece5986a6040069f1b84486,b7d559c5f2994941328bfd3f85f6014700b502360881063ad97a2411aaa35e16,36.06777262016112,1.389782958001888,44.78033104100177,2.994084422327903,2.981391418908155,528a9788af23065e49756fb8ad507b7eba73e3cc442488eface25bb0754a8908,1162.71875,570.6875
causal-conv,compile-bucket,3004,1200,breadth,3746816,53,4,2af9326e8b0a92e0fa0c42518c689e4e40a48c6acd1d1c442ffab3905b4d403b,5038b8345357e7baee6c6d511398dd71bfef8bf3ab89c5a6a292d264d765a7bd,12.97866084719135,1.3017706250029732,19.44502625000314,2.3119701664180052,2.2768327704695794,da7eba82bf5bb7dcc98f175949de0d6bbf8d96b96d8b605aef9e253a07ad01bb,1068.46875,565.59375
causal-conv,compile-native,3004,1200,breadth,3746816,53,4,2af9326e8b0a92e0fa0c42518c689e4e40a48c6acd1d1c442ffab3905b4d403b,5038b8345357e7baee6c6d511398dd71bfef8bf3ab89c5a6a292d264d765a7bd,17.834747695043916,1.252387833003013,24.264457208002568,2.311927809918882,2.27676159988975,33c63decd23703431a2521dbb1afdb250752ed57e4271632b87d392d6fb7efcd,180.46875,566.515625
causal-conv,compile-bucket,3008,1200,breadth,3746816,53,4,63cf99c3aba86b52a7817cb47dd599327fe4dae2a2efae2646f2123c4bde610d,97de194d87dedbdfe7f6dbffd84328200383b92e273b148c6544a83a855d75b8,12.940830789993925,1.2997194999989006,19.446522874997754,2.310673908051648,2.27131587430706,01b920e5795d3d00f2b47ddc1f60f52eeb6a2536df2bac8f1df92716582ecaa5,1068.46875,565.234375
causal-conv,compile-native,3008,1200,breadth,3746816,53,4,63cf99c3aba86b52a7817cb47dd599327fe4dae2a2efae2646f2123c4bde610d,97de194d87dedbdfe7f6dbffd84328200383b92e273b148c6544a83a855d75b8,17.842729000054533,1.2518771249960992,24.226554957996996,2.3107032974684563,2.2714331726417227,9253cb8dce854da3b0b4101acffc4676799928174b604c9ebcbf3a275b9c6eae,180.46875,566.078125
transformer-small,compile-native,3007,1200,breadth,3346944,37,4,6fdcfb66e7ebc3c09cd9ed977c4f21b9303f85285db45ecbff8f19fa1ab8658f,ecc3c1da2e7c905f3bda8387f78b6294ca976a6226d2b4528d4c690a37c1f406,16.067261465155752,1.1921536659938283,20.543648665996443,3.079417208807886,3.0665771881297594,b9f3321fa2eadcd457e11f6c3ab1c407b327dfd0023b9824c9e6c3d938764853,218.71875,539.765625
transformer-small,compile-bucket,3007,1200,breadth,3346944,37,4,6fdcfb66e7ebc3c09cd9ed977c4f21b9303f85285db45ecbff8f19fa1ab8658f,ecc3c1da2e7c905f3bda8387f78b6294ca976a6226d2b4528d4c690a37c1f406,12.258213361958042,1.2362186660029693,16.778233165998245,3.074266498434056,3.060982899553532,a9b7c8703bcf3bd91c3dfc86ba369c5bcab5a2c2ee20851800d0d2644d9f5d23,1074.71875,540.25
gated-gqa,compile-bucket,3008,1200,breadth,9737088,52,4,a04653a421b195595b1591f80f979784eb64bdabf7ff9f82d59814073bdb32d1,97de194d87dedbdfe7f6dbffd84328200383b92e273b148c6544a83a855d75b8,24.83508729985624,1.4025988330031396,33.467944165997324,3.0181543067672236,3.0058034001258043,772116b88337f93b989038adcbfdf77e325293bfd491b4559cc7c997a945c535,1098.71875,570.734375
gated-gqa,compile-native,3008,1200,breadth,9737088,52,4,a04653a421b195595b1591f80f979784eb64bdabf7ff9f82d59814073bdb32d1,97de194d87dedbdfe7f6dbffd84328200383b92e273b148c6544a83a855d75b8,36.08366489184118,1.4113023329991847,44.83594233299664,2.997798317755267,2.9804791659420946,0780003a36599afa13418b73f36698b65fdd7bdc88b933ae52e82f589b41eca6,1162.71875,570.953125
gated-gqa,compile-bucket,3004,1200,breadth,9737088,52,4,2a95f3ef207fc9d3396fbdde29228dc5027048c119caaacb34297970ce35d5bc,5038b8345357e7baee6c6d511398dd71bfef8bf3ab89c5a6a292d264d765a7bd,24.851271545951022,1.4852072919966304,33.61411141700228,3.025883983550456,3.0104755186545296,c72ce6a6e6402720223057cd49d8eb8d515488221c704eef10c4ff0230c4c35f,1098.71875,571.90625
gated-gqa,compile-native,3004,1200,breadth,9737088,52,4,2a95f3ef207fc9d3396fbdde29228dc5027048c119caaacb34297970ce35d5bc,5038b8345357e7baee6c6d511398dd71bfef8bf3ab89c5a6a292d264d765a7bd,35.974074660065526,1.3893241249970743,44.625454542001535,3.0651960812986565,3.049516746502582,b6c5e11ae84d3e00769a5bc749d4ab4257d1fb4d1f78edad16de3628f70d9cfd,1162.71875,571.046875
transformer-small,compile-native,3001,1200,breadth,3346944,37,4,eedd33e5d0e1824efd2c38e48e8cff86ccc6fc3164eed6cf55b64e138230dd4b,5d007c85ea6a70d68c3b84c89480c643a9c640d81dd45209a86157ca8e4072c9,16.122396662925894,1.1926727919999394,20.57165495900699,3.097297401194917,3.0812347611614403,4b8f0e47049d824ec90a8bf9a5ee3a02931f625abee2514900542ac65bf2e424,218.71875,539.828125
transformer-small,compile-bucket,3001,1200,breadth,3346944,37,4,eedd33e5d0e1824efd2c38e48e8cff86ccc6fc3164eed6cf55b64e138230dd4b,5d007c85ea6a70d68c3b84c89480c643a9c640d81dd45209a86157ca8e4072c9,12.257675642962568,1.2168590419969405,16.727844792003452,3.134813459980513,3.121378540852589,97c2b2c85864a4f8ee0ecd1d22ef3aecf460de0f008e48df574dd5e88448640a,1074.71875,539.65625
gated-gqa,compile-bucket,3002,1200,breadth,9737088,52,4,9a05e95395b7988c3cfc8fa3da89f55a75713218394a016037892cce1cb2f7bb,649639cd3c7bff0aed19ec64bf2566332478e12688148fbe90719674bd1777eb,24.900054598903807,1.3864329999996698,33.58495312499872,3.124804101810172,3.109756006072121,bc755cbc15bbbdbde134bbd181278e857fc3b394862b9e1f5f5b4c1373530a14,1098.71875,571.6875
gated-gqa,compile-native,3002,1200,breadth,9737088,52,4,9a05e95395b7988c3cfc8fa3da89f55a75713218394a016037892cce1cb2f7bb,649639cd3c7bff0aed19ec64bf2566332478e12688148fbe90719674bd1777eb,36.10827769699972,1.5647739589985576,45.12014704199828,3.030730215299934,3.012834662329552,24d3bc4707e2056fab5991079762c2ad14539dc4620fc4101ebc4a74d6053fae,1162.71875,571.1875
transformer-small,bucket-packed,2004,800,factorial,3346944,37,4,a78ff59b2b7525b066392c89ba585691efcb9f08b0466bf7eca95cd9e0e46e6e,47a57d4330ad38573aebd1f533ecef4fcf533a3b747f10dee475a69f3fd1c979,12.42175441001018,0.7210051250003744,16.275630124997406,3.415389201899747,3.406742350308336,e292a2c803bf52dcd691c90b6fbe689cb6a23fee349b0a91fb33d4417cf56b3a,1068.90625,444.171875
transformer-small,scalar-native,2004,800,factorial,3346944,37,4,a78ff59b2b7525b066392c89ba585691efcb9f08b0466bf7eca95cd9e0e46e6e,47a57d4330ad38573aebd1f533ecef4fcf533a3b747f10dee475a69f3fd1c979,15.066419535018213,0.7117120839975541,18.903872167000372,3.4154715058417064,3.4066192086018194,11ac9dc1fc303447120c9c571323b2116c377f03407ef135bb54ebb2450ad116,244.90625,444.4375
transformer-small,bucket-native,2004,800,factorial,3346944,37,4,a78ff59b2b7525b066392c89ba585691efcb9f08b0466bf7eca95cd9e0e46e6e,47a57d4330ad38573aebd1f533ecef4fcf533a3b747f10dee475a69f3fd1c979,12.666836747106572,0.5971310419990914,16.40797066700179,3.41535966765732,3.4065827475206003,5223e72f40d97f41dd60fcd27decdf8421b1eed00ac2bd959887de0cf80d821a,244.90625,444.53125
transformer-small,scalar-packed,2004,800,factorial,3346944,37,4,a78ff59b2b7525b066392c89ba585691efcb9f08b0466bf7eca95cd9e0e46e6e,47a57d4330ad38573aebd1f533ecef4fcf533a3b747f10dee475a69f3fd1c979,14.703074121025566,0.6187532089970773,18.45655420899857,3.415542113555612,3.4067412769480496,99136a96c038e8d61e6ec13dca402443dc37e6101e2fd6124b4531da04b1aaa2,1068.90625,444.5
transformer-small,compile-bucket,3004,1200,breadth,3346944,37,4,e417208cc5f8005c57111a7ba042bd32d2042b0af03030eb8d0422be43e11a73,5038b8345357e7baee6c6d511398dd71bfef8bf3ab89c5a6a292d264d765a7bd,12.353623294977297,1.614825666998513,17.276475209000637,3.001025475791879,2.982589375789109,5bffe29b53e05b4e9aee0c47a795819700c30ab14a30cd8029ee23bd3f20f99e,1074.71875,539.640625
transformer-small,compile-native,3004,1200,breadth,3346944,37,4,e417208cc5f8005c57111a7ba042bd32d2042b0af03030eb8d0422be43e11a73,5038b8345357e7baee6c6d511398dd71bfef8bf3ab89c5a6a292d264d765a7bd,16.139686407957925,1.5862009589982335,20.995009042002494,2.996284742048876,2.97742205552107,35cb5448c3ee9390bdccb73baae1c5e8571bf3f97a9fe612e2d76d87348eb9b8,210.71875,539.890625
transformer-medium,compile-bucket,3004,1200,breadth,19280896,53,5,8d9e0ee53f752add137dcbfe6d31899c24edb2d88866340b8146771bc7031623,5038b8345357e7baee6c6d511398dd71bfef8bf3ab89c5a6a292d264d765a7bd,39.87436458493903,1.8359776670040446,51.321898917005456,2.888980196955785,2.8631613306286923,399517a456d341a38cb51555dd7b92f3516ccf52c724a636b48dbaa1063b1b4e,1138.71875,607.484375
transformer-medium,compile-native,3004,1200,breadth,19280896,53,5,8d9e0ee53f752add137dcbfe6d31899c24edb2d88866340b8146771bc7031623,5038b8345357e7baee6c6d511398dd71bfef8bf3ab89c5a6a292d264d765a7bd,59.363670461956644,1.9004455829999642,70.84072570800345,2.8738582958974015,2.8483478279176335,8c82b1b87d0f500857985b49df3f116a8f99b8b5b051a6f30b9b97ded30399c8,1162.71875,607.5625
causal-conv,compile-bucket,3002,1200,breadth,3746816,53,4,b48bf2787f62048b1546bc0f2853e164d7ac55226fcddf502229eb06d48e32bf,649639cd3c7bff0aed19ec64bf2566332478e12688148fbe90719674bd1777eb,13.03331700021954,1.6898086250002962,19.88604150000174,2.314117336991204,2.2825572703292005,601cb68b446020a53c3f6e4a066817f80b08f4ff9a1729fe07817cd9e0f2774c,1068.46875,565.640625
causal-conv,compile-native,3002,1200,breadth,3746816,53,4,b48bf2787f62048b1546bc0f2853e164d7ac55226fcddf502229eb06d48e32bf,649639cd3c7bff0aed19ec64bf2566332478e12688148fbe90719674bd1777eb,17.878774438046094,1.2588122919987654,24.282090000000608,2.314105948074124,2.2825188764091893,ab508637018ddd677b561d838343b3a9e918db10a1c40ef3ccfa90e9fd97cc29,180.46875,565.578125
transformer-medium,compile-bucket,3010,1200,breadth,19280896,53,5,670676e8b7edff1fd93ee3e999f27dfcecdb9e68cbb31c34fc1891513b4b94d3,3739b6d2eb885a57d5ba3216c1e6605a6b84a146d332537ea3a3d64b0b8908c6,39.86153182802809,1.8416508750015055,51.36578716600343,2.869348096078127,2.8458203687853127,523f35df0e82b9b7e46640320366cba8e04166d151279030c6052fd64461e1de,1138.71875,607.515625
transformer-medium,compile-native,3010,1200,breadth,19280896,53,5,670676e8b7edff1fd93ee3e999f27dfcecdb9e68cbb31c34fc1891513b4b94d3,3739b6d2eb885a57d5ba3216c1e6605a6b84a146d332537ea3a3d64b0b8908c6,59.50324909705523,1.9028394580018357,71.01276700000017,2.8822545075407873,2.858505754866193,03e2de6ba67e558dc6a3a8416f70fd4e5514076e68206929fc9f04d26404d1de,1162.71875,604.6875
transformer-small,compile-native,3005,1200,breadth,3346944,37,4,a455d32a1ef670d697c7f1d07128e5942ef96e250b6b158dfadfc533b1692f63,55774a44b71526fcd06a0d1f506b1fb040db5c6943f692deae4b4e51c67a8ea1,16.122202384998673,1.5957705839973642,21.018992917001015,3.072095911061177,3.0601514252688435,1732a967e69ffe9a92a8067d5796adb2f18f0bd56a3bd2b351481394c2244e11,218.71875,539.703125
transformer-small,compile-bucket,3005,1200,breadth,3346944,37,4,a455d32a1ef670d697c7f1d07128e5942ef96e250b6b158dfadfc533b1692f63,55774a44b71526fcd06a0d1f506b1fb040db5c6943f692deae4b4e51c67a8ea1,12.375659090103,1.5541030840031453,17.23978829200496,3.076103559004404,3.0628887635489783,4675162ccdadc83af21ed79293351cdab6a3209fcaf9ac286f9269143ef29967,1074.71875,538.953125
transformer-small,scalar-native,2005,800,factorial,3346944,37,4,6e58017c21a37c453bd63bbb9bc362d9758d3b4366a0def7778843ad6a565287,7a6ff7a988dc85bec9925f4890dd66bc4f300471857b08422866d8ad72e23366,15.148638084931008,0.6009709999998449,18.918351667001843,3.36620696779293,3.357496415784555,11e3e26261f4ba2aa5658a8b79fd4636404881338526c640d1931678d7238fa3,244.90625,444.015625
transformer-small,bucket-native,2005,800,factorial,3346944,37,4,6e58017c21a37c453bd63bbb9bc362d9758d3b4366a0def7778843ad6a565287,7a6ff7a988dc85bec9925f4890dd66bc4f300471857b08422866d8ad72e23366,12.771521424998355,0.5942475000047125,16.53327716700005,3.36572124563935,3.357216057598833,1f76054ca565ea01cc6aceb1a8d4a49ab622cc3b117787a2f6167ef610ce2a36,244.90625,444.671875
transformer-small,scalar-packed,2005,800,factorial,3346944,37,4,6e58017c21a37c453bd63bbb9bc362d9758d3b4366a0def7778843ad6a565287,7a6ff7a988dc85bec9925f4890dd66bc4f300471857b08422866d8ad72e23366,14.779329966986552,0.60804654200183,18.516566042002523,3.3623291703424734,3.353451502231616,d8069348c8556be0e8e56dd9d1f12a4a613c5a4f9a20ddc3261378fcc20ef2de,1068.90625,443.96875
transformer-small,bucket-packed,2005,800,factorial,3346944,37,4,6e58017c21a37c453bd63bbb9bc362d9758d3b4366a0def7778843ad6a565287,7a6ff7a988dc85bec9925f4890dd66bc4f300471857b08422866d8ad72e23366,12.435794285935117,0.6178318329984904,16.16545770799712,3.371838481179811,3.363137523170654,2513468ceb91df21f854451cb8875898c4d977382de24cbc6a2c2ed200664970,1068.90625,445.09375
causal-conv,compile-native,3003,1200,breadth,3746816,53,4,5b69147db10d62a6fb62d7807094473d5b1d8f9c2213bbb26a405f7b00617567,5fa3a626d4341285d098e4d6286b158f37a40b266b2a42d486e1216f6170dcdf,17.89660718505911,1.3004238330031512,24.41187879100471,2.3115575144200933,2.2775756236981124,957bc1b519ebdc6a387b001fa91a352078ac195f86797d2db4522dc3872bbf3e,180.46875,565.3125
causal-conv,compile-bucket,3003,1200,breadth,3746816,53,4,5b69147db10d62a6fb62d7807094473d5b1d8f9c2213bbb26a405f7b00617567,5fa3a626d4341285d098e4d6286b158f37a40b266b2a42d486e1216f6170dcdf,13.031486641069932,1.2795989160003955,19.521648624999216,2.3116089005794387,2.277513611619677,187b6163bd555f90f964f468d8ccf08ad2c5ff218fba8ec9abb9d74e882c77ad,1068.46875,565.671875
gated-gqa,compile-native,3003,1200,breadth,9737088,52,4,c0e7441041ef799cbafd0ac34f5db15c037b0a949ea268bc5e12682db82a4a0f,5fa3a626d4341285d098e4d6286b158f37a40b266b2a42d486e1216f6170dcdf,36.316372750967275,1.3868707080036984,44.999568457998976,3.050491186137158,3.036580619220083,1e28e0830d9f8f8d2fbeef1bcac5a10f112c6db7fd609652116660d06b6918cb,1162.71875,571.203125
gated-gqa,compile-bucket,3003,1200,breadth,9737088,52,4,c0e7441041ef799cbafd0ac34f5db15c037b0a949ea268bc5e12682db82a4a0f,5fa3a626d4341285d098e4d6286b158f37a40b266b2a42d486e1216f6170dcdf,25.0160306269172,1.3879655420023482,33.731317958001455,3.0635016217877666,3.052214848222231,129c9b5f255bf4fd36e4f17f71122b4df5dd1ff33838f0551b364bad6cc980fc,1098.71875,570.53125
transformer-medium,compile-bucket,3012,1200,breadth,19280896,53,5,bb99cb421c41ce955ff388c3262545aaafc717a6a0cab69be5a14a781b25c0a8,b7d559c5f2994941328bfd3f85f6014700b502360881063ad97a2411aaa35e16,40.099112662966945,1.670343874997343,51.459411374999036,2.911019551931823,2.8894689262027673,28024b5c479e5e7009bc73b9ac8c00e6848634c50aaabbbfa413695209a5f63b,1138.71875,607.78125
transformer-medium,compile-native,3012,1200,breadth,19280896,53,5,bb99cb421c41ce955ff388c3262545aaafc717a6a0cab69be5a14a781b25c0a8,b7d559c5f2994941328bfd3f85f6014700b502360881063ad97a2411aaa35e16,59.78982939894922,1.9972225000019534,71.4811711250004,2.911802022225826,2.888089819719081,d04cab0ec991db8b023277c019bb70b2c3641add911052fcdfdfab7d8dd48082,1162.71875,607.484375
